nome,cnpj,tipo_de_serviço,valor,cnpj_number,cnpj_encontrado
AVDF SERVIÇOS MÉDICOS LTDA-EPP,07.717.133/0001-22,SERVS MED. PJ/ASSIST;/SADTS,22513.55,07717133000122,sim
B. SERVICOS MEDICOS LTDA,37.032.995/0001-82,SERVS MED. PJ/ASSIST;/SADTS,24601.71,37032995000182,sim
BANCO DE SANGUE PAULISTA,62.100.680/0001-72,SERVS MED. PJ/ASSIST;/SADTS,71276.16,62100680000172,sim
BARD BRASIL INDUSTRIA E COMERCIO DE PRODUTOS PARA A SAUDE LT,10.818.693/0002-69,MATERIAL/INSUMO,650.0,10818693000269,sim
BARD BRASIL INDUSTRIA E COMERCIO DE PRODUTOS PARA A SAUDE LT,10.818.693/0002-69,MATERIAL/INSUMO,2250.0,10818693000269,sim
BAXTER HOSPITALAR LTDA,49.351.786/0010-71,MATERIAL/INSUMO,252.12,49351786001071,sim
BAXTER HOSPITALAR LTDA,49.351.786/0010-71,MATERIAL/INSUMO,1893.68,49351786001071,sim
BAXTER HOSPITALAR LTDA,49.351.786/0010-71,MATERIAL/INSUMO,1893.68,49351786001071,sim
BAXTER HOSPITALAR LTDA,49.351.786/0010-71,MATERIAL/INSUMO,1893.68,49351786001071,sim
BAXTER HOSPITALAR LTDA,49.351.786/0010-71,MATERIAL/INSUMO,1893.68,49351786001071,sim
BAXTER HOSPITALAR LTDA,49.351.786/0010-71,MATERIAL/INSUMO,1893.68,49351786001071,sim
BAXTER HOSPITALAR LTDA,49.351.786/0010-71,MATERIAL/INSUMO,2511.49,49351786001071,sim
BAXTER HOSPITALAR LTDA,49.351.786/0010-71,MATERIAL/INSUMO,2511.49,49351786001071,sim
BAXTER HOSPITALAR LTDA,49.351.786/0010-71,MATERIAL/INSUMO,2511.49,49351786001071,sim
BAXTER HOSPITALAR LTDA,49.351.786/0010-71,MATERIAL/INSUMO,2511.49,49351786001071,sim
BAXTER HOSPITALAR LTDA,49.351.786/0010-71,MATERIAL/INSUMO,2511.49,49351786001071,sim
BAXTER HOSPITALAR LTDA,49.351.786/0010-71,MATERIAL/INSUMO,2511.49,49351786001071,sim
BAXTER HOSPITALAR LTDA,49.351.786/0010-71,MATERIAL/INSUMO,2511.49,49351786001071,sim
BAXTER HOSPITALAR LTDA,49.351.786/0010-71,MATERIAL/INSUMO,2511.49,49351786001071,sim
BAXTER HOSPITALAR LTDA,49.351.786/0010-71,MATERIAL/INSUMO,2511.49,49351786001071,sim
BAXTER HOSPITALAR LTDA,49.351.786/0010-71,MATERIAL/INSUMO,2511.49,49351786001071,sim
BAXTER HOSPITALAR LTDA,49.351.786/0010-71,MATERIAL/INSUMO,2511.49,49351786001071,sim
BAXTER HOSPITALAR LTDA,49.351.786/0010-71,MATERIAL/INSUMO,2511.49,49351786001071,sim
BAXTER HOSPITALAR LTDA,49.351.786/0010-71,MATERIAL/INSUMO,16342.6,49351786001071,sim
BAXTER HOSPITALAR LTDA,49.351.786/0010-71,MATERIAL/INSUMO,14254.4,49351786001071,sim
BAXTER HOSPITALAR LTDA,49.351.786/0010-71,MATERIAL/INSUMO,3531.0,49351786001071,sim
BCI SERVIÇOS MÉDICOS S/S,28.174.002/0001-16,SERVS MED. PJ/ASSIST;/SADTS,1783.15,28174002000116,sim
BEATRIZ QUEIROZ CRUZ,36.361.089/0001-69,SERVS MED. PJ/ASSIST;/SADTS,15789.55,36361089000169,nao
BELIVE MEDICAL PRODUTOS HOSPITALARES LTDA,32.757.824/0001-05,MATERIAL/INSUMO,4777.92,32757824000105,sim
BELIVE MEDICAL PRODUTOS HOSPITALARES LTDA,32.757.824/0001-05,MATERIAL/INSUMO,23800.0,32757824000105,sim
BELIVE MEDICAL PRODUTOS HOSPITALARES LTDA,32.757.824/0001-05,MATERIAL/INSUMO,5043.04,32757824000105,sim
BELIVE MEDICAL PRODUTOS HOSPITALARES LTDA,32.757.824/0001-05,MATERIAL/INSUMO,1010.0,32757824000105,sim
BIO COMPANY COM SERVIÇOS LTAD,64.084.858/0001-64,MATERIAL/INSUMO,1950.0,64084858000164,sim
BIO COMPANY COM SERVIÇOS LTAD,64.084.858/0001-64,MATERIAL/INSUMO,1450.0,64084858000164,sim
BIOHOSP PRODUTOS HOSPITALARES LTDA,18.269.125/0001-87,MATERIAL/INSUMO,1653.51,18269125000187,sim
BIOHOSP PRODUTOS HOSPITALARES LTDA,18.269.125/0001-87,MATERIAL/INSUMO,2492.76,18269125000187,sim
BIOLINE FIOS CIRÚRGICOS LTDA,37.844.479/0001-52,MATERIAL/INSUMO,918.0,37844479000152,sim
BIOLINE FIOS CIRÚRGICOS LTDA,37.844.479/0001-52,MATERIAL/INSUMO,4208.4,37844479000152,sim
BIOMEDICAL EQUIP. E PROD. MED. CIRURGICO LTDA,51.943.645/0001-07,MATERIAL/INSUMO,720.0,51943645000107,sim
BIOMEDICAL EQUIP. E PROD. MED. CIRURGICO LTDA,51.943.645/0001-07,MATERIAL/INSUMO,1680.0,51943645000107,sim
BIOMEDICAL EQUIP. E PROD. MED. CIRURGICO LTDA,51.943.645/0001-07,MATERIAL/INSUMO,2240.0,51943645000107,sim
BIOMEDICAL EQUIP. E PROD. MED. CIRURGICO LTDA,51.943.645/0001-07,MATERIAL/INSUMO,2800.0,51943645000107,sim
BIOMEDICAL EQUIP. E PROD. MED. CIRURGICO LTDA,51.943.645/0001-07,MATERIAL/INSUMO,1040.0,51943645000107,sim
BIOMEDICAL PROD CIENT MED HOSP,19.848.316/0001-66,MATERIAL/INSUMO,4111.25,19848316000166,sim
BIOMEDICAL PROD CIENT MED HOSP,19.848.316/0001-66,MATERIAL/INSUMO,2090.0,19848316000166,sim
BIONEXO DO BRASIL LTDA,04.069.709/0001-02,GERAIS,4383.46,04069709000102,sim
BIOTEC PRODUTOS HOSPITALARES LTDA,07.204.591/0001-68,MATERIAL/INSUMO,745.8,07204591000168,sim
BIOTEC PRODUTOS HOSPITALARES LTDA,07.204.591/0001-68,MATERIAL/INSUMO,1349.8,07204591000168,sim
BIOTEC PRODUTOS HOSPITALARES LTDA,07.204.591/0001-68,MATERIAL/INSUMO,512.0,07204591000168,sim
BORDONALLI & TEMOTHEO SERV MEDICOS LTDA,13.204.477/0001-30,SERVS MED. PJ/ASSIST;/SADTS,15005.55,13204477000130,sim
BORTOLO SERVICOS MEDICOS S/S LTDA - ME,24.761.169/0001-22,SERVS MED. PJ/ASSIST;/SADTS,7122.15,24761169000122,sim
BORTOLO SERVICOS MEDICOS S/S LTDA - ME,24.761.169/0001-22,SERVS MED. PJ/ASSIST;/SADTS,10711.91,24761169000122,sim
BOSTON SCIENTIFIC DO BRASIL LTDA,01.513.946/0001-14,MATERIAL/INSUMO,920.0,01513946000114,sim
BRAS GARCIA SERVICOS MEDICOS S/S,36.044.823/0001-66,SERVS MED. PJ/ASSIST;/SADTS,1989.55,36044823000166,sim
BRC SERVICOS DE INFORMATICA LTDA,11.698.930/0001-87,INFORMÁTICA,5000.0,11698930000187,sim
BRUNO DA CUNHA RAYA,00.040.925/3968-18,SERVS MED. PJ/ASSIST;/SADTS,451.49,00040925396818,nao
BVS SERVIÇOS MÉDICOS LTDA.,24.377.858/0001-38,SERVS MED. PJ/ASSIST;/SADTS,10872.31,24377858000138,sim
C A P SERVICOS MEDICOS LTDA,34.036.737/0001-86,SERVS MED. PJ/ASSIST;/SADTS,4189.55,34036737000186,sim
CAIO CESAR DE OLIVEIRA,00.002.342/7335-69,SERVS MED. PJ/ASSIST;/SADTS,2893.34,00002342733569,nao
CALIX ASSESSORIA MEDICA E ODONTOLOGICA LTDA,00.937.785/0001-23,SERVS MED. PJ/ASSIST;/SADTS,3649.7,00937785000123,sim
CAMARA DE DIRIGENTES LOJISTAS DA REGIAO METROPOLITANA DE SAO,20.526.353/0001-37,GERAIS,171.0,20526353000137,sim
CAMILO CAVALLIN PALACIOS,34.389.503/0001-12,GERAIS,5865.0,34389503000112,nao
CANGUSSU SAMPAIO CLINICA MEDICA LTDA,11.839.184/0001-02,SERVS MED. PJ/ASSIST;/SADTS,6731.66,11839184000102,sim
CARDIO -SP SERVIÇOS MEDICOS S/S LTDA,11.364.111/0001-01,SERVS MED. PJ/ASSIST;/SADTS,9374.0,11364111000101,sim
AUTO POSTO NIPON DE CARAP. LTDA,50.236.157/0001-99,GERAIS,427.3,50236157000199,sim
AUTO POSTO NIPON DE CARAP. LTDA,50.236.157/0001-99,GERAIS,313.27,50236157000199,sim
CARDIOLAINE COM. MATERIAL HOSPITALAR LTD,12.869.838/0002-86,MATERIAL/INSUMO,10032.94,12869838000286,sim
CARDIOLAINE COM. MATERIAL HOSPITALAR LTD,12.869.838/0002-86,MATERIAL/INSUMO,1497.42,12869838000286,sim
CARLOS ALBERTO LENZI UROLOGIA LTDA. - EPP,04.543.018/0001-90,SERVS MED. PJ/ASSIST;/SADTS,15850.2,04543018000190,sim
CAROLINA DUZ MALAMAN,00.039.627/6848-30,SERVS MED. PJ/ASSIST;/SADTS,2893.34,00039627684830,nao
CASTILHO E MODAFFERI SAUDE S/S,31.765.685/0001-90,SERVS MED. PJ/ASSIST;/SADTS,3865.25,31765685000190,sim
CBS MÉDICO CIENTIFICA COM. REPRESENTAÇÃO LTDA,48.791.685/0001-68,MATERIAL/INSUMO,963.65,48791685000168,sim
CBS MÉDICO CIENTIFICA COM. REPRESENTAÇÃO LTDA,48.791.685/0001-68,MATERIAL/INSUMO,963.65,48791685000168,sim
CBS MÉDICO CIENTIFICA COM. REPRESENTAÇÃO LTDA,48.791.685/0001-68,MATERIAL/INSUMO,963.65,48791685000168,sim
CBS MÉDICO CIENTIFICA COM. REPRESENTAÇÃO LTDA,48.791.685/0001-68,MATERIAL/INSUMO,577.55,48791685000168,sim
CBS MÉDICO CIENTIFICA COM. REPRESENTAÇÃO LTDA,48.791.685/0001-68,MATERIAL/INSUMO,294.6,48791685000168,sim
CD3 MARKETING LTDA,27.510.103/0001-58,GERAIS,13650.0,27510103000158,sim
CD3 MARKETING LTDA,27.510.103/0001-58,GERAIS,13125.0,27510103000158,sim
CD3 MARKETING LTDA,27.510.103/0001-58,GERAIS,7350.0,27510103000158,sim
CENTRO DE INTEGRAÇÃO EMPRESA ESCOLA CIEE,61.600.839/0001-55,GERAIS,305.52,61600839000155,sim
CENTRO DE INTEGRAÇÃO EMPRESA ESCOLA CIEE,61.600.839/0001-55,GERAIS,3666.24,61600839000155,sim
CENTRO MEDICO ESPECIALIZADO - CAPONI E QUIRINO LTDA - ME,06.278.001/0001-89,SERVS MED. PJ/ASSIST;/SADTS,5620.55,06278001000189,sim
CESAR SEIJI SETOUE,00.031.731/8698-27,SERVS MED. PJ/ASSIST;/SADTS,451.49,00031731869827,nao
CFNM- SERVICOS MEDICOS S/S,28.954.520/0001-52,SERVS MED. PJ/ASSIST;/SADTS,7497.55,28954520000152,sim
CFNM- SERVICOS MEDICOS S/S,28.954.520/0001-52,SERVS MED. PJ/ASSIST;/SADTS,3790.47,28954520000152,sim
CHARM RENT A CAR LTDA. EPP,00.941.152/0001-99,GERAIS,2400.0,00941152000199,sim
CHIESI FARMACEUTICA LTDA,61.363.032/0001-46,MATERIAL/INSUMO,11118.0,61363032000146,sim
CIBELI MEDEIROS REIS,00.000.343/1431-86,SERVS MED. PJ/ASSIST;/SADTS,451.49,00000343143186,nao
CIRURGICA BONAPARTE LTDA,04.228.124/0001-80,MATERIAL/INSUMO,311.75,04228124000180,sim
CIRURGICA BRASIL COML. IMP. LTDA,47.193.115/0001-03,MATERIAL/INSUMO,1368.52,47193115000103,sim
CIRURGICA BRASIL COML. IMP. LTDA,47.193.115/0001-03,MATERIAL/INSUMO,603.88,47193115000103,sim
CIRURGICA FERNANDES LTDA,61.418.042/0001-31,MATERIAL/INSUMO,1107.0,61418042000131,sim
CIRURGICA FERNANDES LTDA,61.418.042/0001-31,MATERIAL/INSUMO,5893.45,61418042000131,sim
CIRURGICA FERNANDES LTDA,61.418.042/0001-31,MATERIAL/INSUMO,2514.08,61418042000131,sim
CIRURGICA FERNANDES LTDA,61.418.042/0001-31,MATERIAL/INSUMO,1155.96,61418042000131,sim
CIRURGICA FERNANDES LTDA,61.418.042/0001-31,MATERIAL/INSUMO,1048.06,61418042000131,sim
CIRURGICA KD LTDA,09.260.071/0001-06,MATERIAL/INSUMO,2440.5,09260071000106,sim
CIRURGICA KD LTDA,09.260.071/0001-06,MATERIAL/INSUMO,5810.0,09260071000106,sim
CIRURGICA KD LTDA,09.260.071/0001-06,MATERIAL/INSUMO,4050.0,09260071000106,sim
CIRURGICA KD LTDA,09.260.071/0001-06,MATERIAL/INSUMO,1760.0,09260071000106,sim
CIRURGICA SÃO JOSÉ,55.309.074/0001-04,MATERIAL/INSUMO,519.34,55309074000104,sim
CIRURGICA SÃO JOSÉ,55.309.074/0001-04,MATERIAL/INSUMO,519.34,55309074000104,sim
CIRURGICA SÃO JOSÉ,55.309.074/0001-04,MATERIAL/INSUMO,30600.0,55309074000104,sim
CITYMED COMERCIO DE MEDICAMENTOS E PRODUTOS HOSPITALARES LTD,28.357.619/0001-77,MATERIAL/INSUMO,895.0,28357619000177,sim
CLARO S/A,40.432.544/0001-47,TELEFONE,8.26,40432544000147,sim
CLAUDIA C. MALDI GINECOLOGIA E OBSTETRICIA - ME,27.955.164/0001-29,SERVS MED. PJ/ASSIST;/SADTS,7497.55,27955164000129,nao
CLEUER JACOB MORETTO EIRELI,20.686.239/0001-74,SERVS MED. PJ/ASSIST;/SADTS,18770.0,20686239000174,sim
CLINART MEDICINA LTDA,05.743.003/0001-39,GERAIS,39406.55,05743003000139,sim
CLINICA BARATA RIBEIRO FURTADO SERVICOS MEDICOS SS LTDA CLIN,05.730.907/0001-20,SERVS MED. PJ/ASSIST;/SADTS,5620.55,05730907000120,sim
CLINICA DE CIRURGIA PLASTICA DR. RODRIGO OTAVIO CARBONE LTDA,07.414.434/0001-87,SERVS MED. PJ/ASSIST;/SADTS,10159.66,07414434000187,sim
CLINICA DE NEFROLOGIA ISABELA MOREIRA EIRELI - EPP,27.907.670/0001-42,SERVS MED. PJ/ASSIST;/SADTS,112609.5,27907670000142,sim
CLINICA DR ROSANA FRANCO LTDA - EPP,74.027.087/0001-27,SERVS MED. PJ/ASSIST;/SADTS,5325.98,74027087000127,sim
CLINICA ENDOSOLUTIONS LTDA,14.039.928/0001-94,SERVS MED. PJ/ASSIST;/SADTS,43452.42,14039928000194,sim
CLÍNICA MÉDICA LAMAZALES LTDA-ME,04.023.449/0001-26,SERVS MED. PJ/ASSIST;/SADTS,3589.55,04023449000126,sim
CLINICA MEDICA NAUFAL S/S LTDA,11.421.342/0001-00,SERVS MED. PJ/ASSIST;/SADTS,2805.05,11421342000100,sim
CLINICA NEUROLOGICA HIGIENOPOLIS S/S LTDA - ME,00.714.616/0001-24,SERVS MED. PJ/ASSIST;/SADTS,1238.82,00714616000124,sim
CLINICA PEDIATRICA MARQUEZ SAUDE E BEM ESTAR LTDA,36.706.263/0001-68,SERVS MED. PJ/ASSIST;/SADTS,5507.93,36706263000168,sim
CLINICA PETRILLO S/S LTDA,07.803.945/0001-90,SERVS MED. PJ/ASSIST;/SADTS,18759.55,07803945000190,sim
CLIPEME - CLINICA PEDIÁTRICA MEDIANEIRA LTDA - ME,08.068.607/0001-15,SERVS MED. PJ/ASSIST;/SADTS,6219.57,08068607000115,sim
CM HOSPITALAR LTDA,12.420.164/0001-57,MATERIAL/INSUMO,415.8,12420164000157,sim
CM HOSPITALAR LTDA,12.420.164/0001-57,MATERIAL/INSUMO,787.56,12420164000157,sim
CM HOSPITALAR LTDA,12.420.164/0001-57,MATERIAL/INSUMO,320.8,12420164000157,sim
CMOL. CIRURGICA RIOCLARENSE LTDA.,67.729.178/0004-91,MATERIAL/INSUMO,1802.29,67729178000491,sim
CMOL. CIRURGICA RIOCLARENSE LTDA.,67.729.178/0004-91,MATERIAL/INSUMO,1598.91,67729178000491,sim
CMOL. CIRURGICA RIOCLARENSE LTDA.,67.729.178/0004-91,MATERIAL/INSUMO,4960.0,67729178000491,sim
CMOL. CIRURGICA RIOCLARENSE LTDA.,67.729.178/0004-91,MATERIAL/INSUMO,503.02,67729178000491,sim
CMOL. CIRURGICA RIOCLARENSE LTDA.,67.729.178/0004-91,MATERIAL/INSUMO,503.0,67729178000491,sim
COMERCIAL 3 ALBE LTDA,74.400.052/0001-91,MATERIAL/INSUMO,3876.0,74400052000191,sim
COMERCIAL 3 ALBE LTDA,74.400.052/0001-91,MATERIAL/INSUMO,3500.0,74400052000191,sim
COMERCIAL E IMPORT. ELETRICA PAULISTA,44.018.752/0001-55,MATERIAL/INSUMO,600.0,44018752000155,sim
CONCISE COM. AP. E EQ. ELET. ELETRON LTDA,01.092.701/0001-60,MATERIAL/INSUMO,539.55,01092701000160,sim
CRISMED COMERCIAL HOSP. LTDA.,04.192.876/0001-38,MATERIAL/INSUMO,750.0,04192876000138,sim
CRISMED COMERCIAL HOSP. LTDA.,04.192.876/0001-38,MATERIAL/INSUMO,7500.0,04192876000138,sim
CRISTALIA PROD QUIM FARM LTDA,44.734.671/0001-51,MATERIAL/INSUMO,42642.0,44734671000151,sim
CRISTALIA PROD QUIM FARM LTDA,44.734.671/0001-51,MATERIAL/INSUMO,25920.0,44734671000151,sim
CRISTALIA PROD QUIM FARM LTDA,44.734.671/0001-51,MATERIAL/INSUMO,2286.0,44734671000151,sim
CRISTALIA PROD QUIM FARM LTDA,44.734.671/0001-51,MATERIAL/INSUMO,1483.1,44734671000151,sim
CRISTALIA PROD QUIM FARM LTDA,44.734.671/0001-51,MATERIAL/INSUMO,2378.88,44734671000151,sim
CRISTALIA PROD QUIM FARM LTDA,44.734.671/0001-51,MATERIAL/INSUMO,1413.0,44734671000151,sim
CRISTALIA PROD QUIM FARM LTDA,44.734.671/0001-51,MATERIAL/INSUMO,2378.88,44734671000151,sim
CRISTALIA PROD QUIM FARM LTDA,44.734.671/0001-51,MATERIAL/INSUMO,4153.4,44734671000151,sim
CRISTALIA PROD QUIM FARM LTDA,44.734.671/0001-51,MATERIAL/INSUMO,6880.0,44734671000151,sim
CRISTALIA PROD QUIM FARM LTDA,44.734.671/0001-51,MATERIAL/INSUMO,1520.0,44734671000151,sim
CRISTALIA PROD QUIM FARM LTDA,44.734.671/0001-51,MATERIAL/INSUMO,570.0,44734671000151,sim
DANIELLE BAPTISTA LIVRARI FARINA,00.038.653/9938-00,SERVS MED. PJ/ASSIST;/SADTS,451.49,00038653993800,nao
DATASUPRI BRASIL INFORMATICA LTDA,04.479.137/0001-21,MATERIAL/INSUMO,325.05,04479137000121,sim
DBS IND.E COM.LTDA,05.210.556/0001-26,MATERIAL/INSUMO,1032.24,05210556000126,sim
DE BERNT ENTSCHEV HUMAN CAPITAL LTDA,03.515.056/0003-39,GERAIS,9319.5,03515056000339,sim
DE CHIARA CARDOSO CONSULTORIO MEDICO LTDA - ME,07.623.249/0001-00,SERVS MED. PJ/ASSIST;/SADTS,1209.6,07623249000100,sim
DE PAULI COM. REPR. IMPORT. E EXPORTAÇÃO,03.951.140/0001-33,MATERIAL/INSUMO,6120.72,03951140000133,sim
DE PAULI COM. REPR. IMPORT. E EXPORTAÇÃO,03.951.140/0001-33,MATERIAL/INSUMO,1145.0,03951140000133,sim
DE PAULI COM. REPR. IMPORT. E EXPORTAÇÃO,03.951.140/0001-33,MATERIAL/INSUMO,2052.22,03951140000133,sim
DEJAMARO INDUSTRIA E COMERCIO DE PRODUTOS MEDICOS LTDA,27.608.037/0001-53,MATERIAL/INSUMO,4320.0,27608037000153,sim
DEJAMARO INDUSTRIA E COMERCIO DE PRODUTOS MEDICOS LTDA,27.608.037/0001-53,MATERIAL/INSUMO,2820.0,27608037000153,sim
DEJAMARO INDUSTRIA E COMERCIO DE PRODUTOS MEDICOS LTDA,27.608.037/0001-53,MATERIAL/INSUMO,7450.0,27608037000153,sim
DEJAMARO INDUSTRIA E COMERCIO DE PRODUTOS MEDICOS LTDA,27.608.037/0001-53,MATERIAL/INSUMO,7450.0,27608037000153,sim
DEJAMARO INDUSTRIA E COMERCIO DE PRODUTOS MEDICOS LTDA,27.608.037/0001-53,MATERIAL/INSUMO,660.0,27608037000153,sim
DERMOCLINICA-DERMATOLOGIA E ALERGIA LTDA,66.517.228/0001-61,SERVS MED. PJ/ASSIST;/SADTS,4628.36,66517228000161,sim
DIAS E FIEL SERVICOS MEDICOS LTDA - EPP,24.399.587/0001-11,SERVS MED. PJ/ASSIST;/SADTS,8184.47,24399587000111,sim
DIAS E FIEL SERVICOS MEDICOS LTDA - EPP,24.399.587/0001-11,SERVS MED. PJ/ASSIST;/SADTS,4869.75,24399587000111,sim
DIEGO FERREIRA LEIS,00.098.919/7841-91,SERVS MED. PJ/ASSIST;/SADTS,451.49,00098919784191,nao
DIPROMED COM IMPORTACAO LTDA,47.869.078/0004-53,MATERIAL/INSUMO,675.0,47869078000453,sim
DIPROMED COM IMPORTACAO LTDA,47.869.078/0004-53,MATERIAL/INSUMO,7020.0,47869078000453,sim
DIPROMED COM IMPORTACAO LTDA,47.869.078/0004-53,MATERIAL/INSUMO,921.6,47869078000453,sim
DIPROMED COM IMPORTACAO LTDA,47.869.078/0004-53,MATERIAL/INSUMO,330.0,47869078000453,sim
DOLMA CONTAINERS LTDA,09.367.347/0001-41,GERAIS,220.0,09367347000141,sim
DROGARIA SÃO PAULO S.A,61.412.110/0033-32,FOLHA DE PAGAMENTO,26627.77,61412110003332,sim
DROGARIA SÃO PAULO S.A,61.412.110/0593-97,MATERIAL/INSUMO,47.97,61412110059397,sim
DROGARIA SÃO PAULO S.A,61.412.110/0593-97,MATERIAL/INSUMO,179.56,61412110059397,sim
DROGARIA SÃO PAULO S.A,61.412.110/0593-97,MATERIAL/INSUMO,39.85,61412110059397,sim
DROGARIA SÃO PAULO S.A,61.412.110/0593-97,MATERIAL/INSUMO,41.72,61412110059397,sim
DROGARIA SÃO PAULO S.A,61.412.110/0593-97,MATERIAL/INSUMO,179.95,61412110059397,sim
DROGARIA SÃO PAULO S.A,61.412.110/0593-97,MATERIAL/INSUMO,80.19,61412110059397,sim
DROGARIA SÃO PAULO S.A,61.412.110/0593-97,MATERIAL/INSUMO,40.36,61412110059397,sim
DROGARIA SAO PAULO S.A.,61.412.110/0693-50,MATERIAL/INSUMO,48.81,61412110069350,sim
DROGARIA SOARES LTDA,61.698.577/0001-03,MATERIAL/INSUMO,62.93,61698577000103,sim
DROGARIA SOARES LTDA,61.698.577/0001-03,MATERIAL/INSUMO,120.24,61698577000103,sim
DROGARIA SOARES LTDA,61.698.577/0001-03,MATERIAL/INSUMO,35.69,61698577000103,sim
DROGARIA NOVA ESPERANCA LTDA,43.575.877/0001-13,MATERIAL/INSUMO,881.44,43575877000113,sim
DROGARIA NOVA ESPERANCA LTDA,43.575.877/0001-13,MATERIAL/INSUMO,1887.7,43575877000113,sim
DUPATRI HOSPITALAR COMERCIO,04.027.894/0003-26,MATERIAL/INSUMO,483.9,04027894000326,sim
DUPATRI HOSPITALAR COMERCIO,04.027.894/0003-26,MATERIAL/INSUMO,1107.1,04027894000326,sim
DUPATRI HOSPITALAR COMERCIO,04.027.894/0003-26,MATERIAL/INSUMO,299.01,04027894000326,sim
DUPATRI HOSPITALAR COMERCIO,04.027.894/0003-26,MATERIAL/INSUMO,309.0,04027894000326,sim
DUPATRI HOSPITALAR COMERCIO,04.027.894/0003-26,MATERIAL/INSUMO,339.2,04027894000326,sim
DUPATRI HOSPITALAR COMERCIO,04.027.894/0003-26,MATERIAL/INSUMO,1956.55,04027894000326,sim
DUPATRI HOSPITALAR COMÉRCIO IMPORTAÇÃO E EXPORTAÇÃO LTDA,04.027.894/0007-50,MATERIAL/INSUMO,595.8,04027894000750,sim
DUPATRI HOSPITALAR COMÉRCIO IMPORTAÇÃO E EXPORTAÇÃO LTDA,04.027.894/0007-50,MATERIAL/INSUMO,6966.86,04027894000750,sim
DUPATRI HOSPITALAR COMÉRCIO IMPORTAÇÃO E EXPORTAÇÃO LTDA,04.027.894/0007-50,MATERIAL/INSUMO,30398.75,04027894000750,sim
DUPATRI HOSPITALAR COMÉRCIO IMPORTAÇÃO E EXPORTAÇÃO LTDA,04.027.894/0007-50,MATERIAL/INSUMO,17956.49,04027894000750,sim
DUPATRI HOSPITALAR COMÉRCIO IMPORTAÇÃO E EXPORTAÇÃO LTDA,04.027.894/0007-50,MATERIAL/INSUMO,2700.13,04027894000750,sim
DUPATRI HOSPITALAR COMÉRCIO IMPORTAÇÃO E EXPORTAÇÃO LTDA,04.027.894/0007-50,MATERIAL/INSUMO,3900.0,04027894000750,sim
DUPATRI HOSPITALAR COMÉRCIO IMPORTAÇÃO E EXPORTAÇÃO LTDA,04.027.894/0007-50,MATERIAL/INSUMO,3965.7,04027894000750,sim
DUPATRI HOSPITALAR COMÉRCIO IMPORTAÇÃO E EXPORTAÇÃO LTDA,04.027.894/0007-50,MATERIAL/INSUMO,582.8,04027894000750,sim
DUPATRI HOSPITALAR COMÉRCIO IMPORTAÇÃO E EXPORTAÇÃO LTDA,04.027.894/0007-50,MATERIAL/INSUMO,6991.85,04027894000750,sim
DUPATRI HOSPITALAR COMÉRCIO IMPORTAÇÃO E EXPORTAÇÃO LTDA,04.027.894/0007-50,MATERIAL/INSUMO,4675.0,04027894000750,sim
DUPATRI HOSPITALAR COMÉRCIO IMPORTAÇÃO E EXPORTAÇÃO LTDA,04.027.894/0007-50,MATERIAL/INSUMO,406.73,04027894000750,sim
DUPATRI HOSPITALAR COMÉRCIO IMPORTAÇÃO E EXPORTAÇÃO LTDA,04.027.894/0007-50,MATERIAL/INSUMO,2375.0,04027894000750,sim
DUPATRI HOSPITALAR COMÉRCIO IMPORTAÇÃO E EXPORTAÇÃO LTDA,04.027.894/0007-50,MATERIAL/INSUMO,6600.0,04027894000750,sim
CRISTALIA PROD QUIM FARM LTDA,44.734.671/0001-51,MATERIAL/INSUMO,592.2,44734671000151,sim
CRISTALIA PROD QUIM FARM LTDA,44.734.671/0001-51,MATERIAL/INSUMO,1635.0,44734671000151,sim
CRISTALIA PROD QUIM FARM LTDA,44.734.671/0001-51,MATERIAL/INSUMO,1350.0,44734671000151,sim
CRISTALIA PROD QUIM FARM LTDA,44.734.671/0001-51,MATERIAL/INSUMO,4800.0,44734671000151,sim
DUPATRI HOSPITALAR COMÉRCIO IMPORTAÇÃO E EXPORTAÇÃO LTDA,04.027.894/0007-50,MATERIAL/INSUMO,7040.0,04027894000750,sim
DUPATRI HOSPITALAR COMÉRCIO IMPORTAÇÃO E EXPORTAÇÃO LTDA,04.027.894/0007-50,MATERIAL/INSUMO,327.6,04027894000750,sim
E. TAMUSSINO E CIA LTDA,33.100.082/0002-86,MATERIAL/INSUMO,900.0,33100082000286,sim
E. TAMUSSINO E CIA LTDA,33.100.082/0002-86,MATERIAL/INSUMO,950.0,33100082000286,sim
E. TAMUSSINO E CIA LTDA,33.100.082/0002-86,MATERIAL/INSUMO,1939.76,33100082000286,sim
E. TAMUSSINO E CIA LTDA,33.100.082/0002-86,MATERIAL/INSUMO,900.0,33100082000286,sim
E. TAMUSSINO E CIA LTDA,33.100.082/0002-86,MATERIAL/INSUMO,950.0,33100082000286,sim
E. TAMUSSINO E CIA LTDA,33.100.082/0002-86,MATERIAL/INSUMO,2590.0,33100082000286,sim
E. TAMUSSINO E CIA LTDA,33.100.082/0002-86,MATERIAL/INSUMO,1940.0,33100082000286,sim
E. TAMUSSINO E CIA LTDA,33.100.082/0002-86,MATERIAL/INSUMO,2540.0,33100082000286,sim
E. TAMUSSINO E CIA LTDA,33.100.082/0002-86,MATERIAL/INSUMO,950.0,33100082000286,sim
E. TAMUSSINO E CIA LTDA,33.100.082/0002-86,MATERIAL/INSUMO,1300.0,33100082000286,sim
E. TAMUSSINO E CIA LTDA,33.100.082/0002-86,MATERIAL/INSUMO,1940.0,33100082000286,sim
E. TAMUSSINO E CIA LTDA,33.100.082/0002-86,MATERIAL/INSUMO,1290.0,33100082000286,sim
E. TAMUSSINO E CIA LTDA,33.100.082/0002-86,MATERIAL/INSUMO,1940.0,33100082000286,sim
E.K.E. GINECOLOGIA OBSTETRICIA SOCIEDADE SIMPLES PURA - EPP,07.045.808/0001-34,SERVS MED. PJ/ASSIST;/SADTS,20636.5,07045808000134,sim
E.K.E. GINECOLOGIA OBSTETRICIA SOCIEDADE SIMPLES PURA - EPP,07.045.808/0001-34,SERVS MED. PJ/ASSIST;/SADTS,21340.4,07045808000134,sim
E.K.E. GINECOLOGIA OBSTETRICIA SOCIEDADE SIMPLES PURA - EPP,07.045.808/0001-34,SERVS MED. PJ/ASSIST;/SADTS,4212.8,07045808000134,sim
ECO BRASIL ECOLOGICAL COSMETICSLTDA ME,03.931.726/0001-36,MATERIAL/INSUMO,563.24,03931726000136,sim
ECOLAB QUIMICA LTDA,00.536.772/0001-42,MATERIAL/INSUMO,1023.96,00536772000142,sim
ECOLAB QUIMICA LTDA,00.536.772/0001-42,MATERIAL/INSUMO,4630.23,00536772000142,sim
ECOPER QUIMICA LTDA,02.535.505/0001-86,MATERIAL/INSUMO,1350.0,02535505000186,sim
EDN LOCADORA DE VEICULOS E TRANSPORTES LTDA - ME,14.545.496/0001-93,GERAIS,33000.0,14545496000193,sim
EDNALDO SALGADO - ME,12.283.132/0001-57,MATERIAL/INSUMO,2019.2,12283132000157,nao
ELETROPAULO METROP. ELETRICIDADE DE SP,61.695.227/0001-93,ENERGIA,107264.0,61695227000193,sim
ELIANE EMIKO WADA,00.036.914/5408-96,SERVS MED. PJ/ASSIST;/SADTS,451.49,00036914540896,nao
ENGEFOOD EQUIP. ENG. E REPRE. LTDA,66.535.477/0001-80,GERAIS,880.0,66535477000180,sim
ENSICOR UNIDADE CARDIOLOGICA LTDA,01.126.764/0001-90,SERVS MED. PJ/ASSIST;/SADTS,425.87,01126764000190,sim
EPPOLIX TRATAMENTO DE RESIDUOS ESPECIAIS LTDA,04.148.921/0001-57,GERAIS,23133.7,04148921000157,sim
ERICK HIDEKI YOSHIDA,00.037.927/8898-50,SERVS MED. PJ/ASSIST;/SADTS,769.37,00037927889850,nao
ESPACIAL SUPRIM DE ESCRIT E INFOR LTDA,53.700.159/0001-85,MATERIAL/INSUMO,1898.11,53700159000185,sim
ESPACIAL SUPRIM DE ESCRIT E INFOR LTDA,53.700.159/0001-85,MATERIAL/INSUMO,249.94,53700159000185,sim
ESPACIAL SUPRIM DE ESCRIT E INFOR LTDA,53.700.159/0001-85,MATERIAL/INSUMO,146.45,53700159000185,sim
ESTERILAV,52.119.963/0001-02,GERAIS,1521.0,52119963000102,sim
ESTOQUE EXPRESS DISTRIBUIDORA DE SUPRIMENTOS EM GERAL EIRELI,26.411.699/0001-76,MATERIAL/INSUMO,319.38,26411699000176,sim
EUROFARMA LABORATÓRIOS S/A,61.190.096/0008-69,MATERIAL/INSUMO,8935.43,61190096000869,sim
EUROFARMA LABORATÓRIOS S/A,61.190.096/0008-69,MATERIAL/INSUMO,16800.0,61190096000869,sim
EUROPRO COMERCIAL LTDA,23.978.814/0001-09,MATERIAL/INSUMO,2723.45,23978814000109,sim
EUROPRO COMERCIAL LTDA,23.978.814/0001-09,MATERIAL/INSUMO,3778.15,23978814000109,sim
EUROPRO COMERCIAL LTDA,23.978.814/0001-09,MATERIAL/INSUMO,3166.75,23978814000109,sim
EXPRESSA DIST DE MEDICAMENTOS LTDA,06.234.797/0001-78,MATERIAL/INSUMO,1176.8,06234797000178,sim
EXPRESSMEDICAL COM.ATAC. E VAREJISTA,10.761.932/0001-00,MATERIAL/INSUMO,2798.0,10761932000100,sim
F MESSIAS SERVICOS MEDICOS EIRELI,36.571.984/0001-08,SERVS MED. PJ/ASSIST;/SADTS,5189.55,36571984000108,sim
FALCO SERVICOS MEDICOS S/S LTDA,34.259.670/0001-49,SERVS MED. PJ/ASSIST;/SADTS,5245.15,34259670000149,sim
FANEM LTDA.,61.100.244/0001-30,MATERIAL/INSUMO,231.26,61100244000130,sim
FARIAS & MARIANO LTDA,11.960.497/0001-06,SERVS MED. PJ/ASSIST;/SADTS,12659.3,11960497000106,sim
FARMARIN INDUSTRIA E COMERCIO LTDA.,58.635.830/0001-75,MATERIAL/INSUMO,2829.12,58635830000175,sim
FARMARIN INDUSTRIA E COMERCIO LTDA.,58.635.830/0001-75,MATERIAL/INSUMO,229.0,58635830000175,sim
FARMARIN INDUSTRIA E COMERCIO LTDA.,58.635.830/0001-75,MATERIAL/INSUMO,3264.68,58635830000175,sim
FARMARIN INDUSTRIA E COMERCIO LTDA.,58.635.830/0001-75,MATERIAL/INSUMO,2655.24,58635830000175,sim
FARMARIN INDUSTRIA E COMERCIO LTDA.,58.635.830/0001-75,MATERIAL/INSUMO,229.0,58635830000175,sim
FARMARIN INDUSTRIA E COMERCIO LTDA.,58.635.830/0001-75,MATERIAL/INSUMO,2526.72,58635830000175,sim
FARMARIN INDUSTRIA E COMERCIO LTDA.,58.635.830/0001-75,MATERIAL/INSUMO,229.0,58635830000175,sim
FARMARIN INDUSTRIA E COMERCIO LTDA.,58.635.830/0001-75,MATERIAL/INSUMO,648.0,58635830000175,sim
FARMARIN INDUSTRIA E COMERCIO LTDA.,58.635.830/0001-75,MATERIAL/INSUMO,2668.16,58635830000175,sim
FARMARIN INDUSTRIA E COMERCIO LTDA.,58.635.830/0001-75,MATERIAL/INSUMO,229.0,58635830000175,sim
FARMARIN INDUSTRIA E COMERCIO LTDA.,58.635.830/0001-75,MATERIAL/INSUMO,2655.24,58635830000175,sim
FARMARIN INDUSTRIA E COMERCIO LTDA.,58.635.830/0001-75,MATERIAL/INSUMO,229.0,58635830000175,sim
FARMARIN INDUSTRIA E COMERCIO LTDA.,58.635.830/0001-75,MATERIAL/INSUMO,2526.72,58635830000175,sim
FARMARIN INDUSTRIA E COMERCIO LTDA.,58.635.830/0001-75,MATERIAL/INSUMO,5088.0,58635830000175,sim
FARMARIN INDUSTRIA E COMERCIO LTDA.,58.635.830/0001-75,MATERIAL/INSUMO,229.0,58635830000175,sim
FASSMED SERVICOS MEDICOS S/S EPP,19.448.247/0001-01,SERVS MED. PJ/ASSIST;/SADTS,5676.82,19448247000101,sim
FAWAY TI SOLUTIONS EIRELI,08.183.373/0001-57,MATERIAL/INSUMO,2231.5,08183373000157,sim
FAWAY TI SOLUTIONS EIRELI,08.183.373/0001-57,MATERIAL/INSUMO,1062.0,08183373000157,sim
FBP FORNECEDORA BRASILEIRA DE PEÇAS E EQUIPAMENTOS HOSPITALA,30.339.353/0001-81,MATERIAL/INSUMO,2350.0,30339353000181,sim
FBP FORNECEDORA BRASILEIRA DE PEÇAS E EQUIPAMENTOS HOSPITALA,30.339.353/0001-81,MATERIAL/INSUMO,4950.0,30339353000181,sim
FELIPE PALUMBO RODRIGUES,00.010.931/3777-06,SERVS MED. PJ/ASSIST;/SADTS,2893.34,00010931377706,nao
FEMAG COM. DE PASTAS E SIST. ARQ. LTDA,03.961.892/0001-85,MATERIAL/INSUMO,960.0,03961892000185,sim
FERNANDA CRISTINA DE SANTANA E SARTI,00.035.632/3548-14,SERVS MED. PJ/ASSIST;/SADTS,451.49,00035632354814,nao
FERNANDA MARIA DAMASCENO SHIMADA,00.001.874/3591-05,SERVS MED. PJ/ASSIST;/SADTS,2893.34,00001874359105,nao
FOCO SERVIÇOS DE RADIOLOGIA E IMAGENS LTDA,33.402.883/0001-15,SERVS MED. PJ/ASSIST;/SADTS,187161.55,33402883000115,sim
FONO OUTSOURCED SERVICE LTDA- ME,12.410.497/0001-03,SERVS MED. PJ/ASSIST;/SADTS,25961.47,12410497000103,sim
FOOD SAFETY SOL. EM QUALID. E SEGURANÇA,05.253.791/0001-85,GERAIS,675.72,05253791000185,sim
FOOD SAFETY SOL. EM QUALID. E SEGURANÇA,05.253.791/0001-85,GERAIS,675.72,05253791000185,sim
FRIGELAR COMERCIO E DISTRIBUIÇÃO S/A,92.660.406/0002-08,IMOBILIZADO,1925.88,92660406000208,sim
FRIGELAR COMERCIO E INDUSTRIA LTDA,92.660.406/0042-97,MATERIAL/INSUMO,386.74,92660406004297,sim
FRIGELAR COMERCIO E INDUSTRIA LTDA,92.660.406/0042-97,MATERIAL/INSUMO,328.23,92660406004297,sim
FRIGELAR COMERCIO E INDUSTRIA LTDA,92.660.406/0042-97,MATERIAL/INSUMO,267.9,92660406004297,sim
FRIGELAR COMERCIO E INDUSTRIA LTDA,92.660.406/0042-97,MATERIAL/INSUMO,896.37,92660406004297,sim
FRIGELAR COMERCIO E INDUSTRIA LTDA,92.660.406/0042-97,MATERIAL/INSUMO,191.9,92660406004297,sim
FUTURA COMÉRCIO DE PRODUTOS MÉDICOS E HOSPITALARES,08.231.734/0001-93,MATERIAL/INSUMO,511.9,08231734000193,sim
G A R DE LUCENA - EPP,20.684.673/0001-15,MATERIAL/INSUMO,637.2,20684673000115,nao
G. B. B. REMOCOES MEDICAS LTDA - ME,08.482.854/0001-63,GERAIS,552.3,08482854000163,sim
GABISA MEDICAL INTERNATIONAL LTDA - EPP,08.633.431/0001-05,MATERIAL/INSUMO,855.0,08633431000105,sim
GABISA MEDICAL INTERNATIONAL LTDA - EPP,08.633.431/0001-05,MATERIAL/INSUMO,1170.4,08633431000105,sim
GABRIEL NICOLAS CANO,00.036.812/8138-69,SERVS MED. PJ/ASSIST;/SADTS,451.49,00036812813869,nao
GABRIELLE MOREIRA BARRETO,00.004.694/9421-23,SERVS MED. PJ/ASSIST;/SADTS,2893.34,00004694942123,nao
GBA SERVICOS MEDICOS S/S LTDA.,23.920.479/0001-80,SERVS MED. PJ/ASSIST;/SADTS,190351.05,23920479000180,sim
GBA SERVICOS MEDICOS S/S LTDA.,23.920.479/0001-80,SERVS MED. PJ/ASSIST;/SADTS,2805.05,23920479000180,sim
GCE COMERCIO INTERNACIONAL DE PAPEIS LTDA,08.048.153/0001-10,MATERIAL/INSUMO,4470.0,08048153000110,sim
GE HEALTHCARE DO BRASIL COMERCIO E SERVICOS PARA EQUIPAMENTO,00.029.372/0007-36,MATERIAL/INSUMO,6480.0,00029372000736,sim
GENESIO A MENDES & CIA LTDA,82.873.068/0007-35,MATERIAL/INSUMO,1421.6,82873068000735,sim
GENESIO A MENDES & CIA LTDA,82.873.068/0007-35,MATERIAL/INSUMO,502.02,82873068000735,sim
GENESIO A MENDES & CIA LTDA,82.873.068/0007-35,MATERIAL/INSUMO,323.66,82873068000735,sim
GENESIO A MENDES & CIA LTDA,82.873.068/0007-35,MATERIAL/INSUMO,1084.7,82873068000735,sim
GENESIO A MENDES & CIA LTDA,82.873.068/0007-35,MATERIAL/INSUMO,216.94,82873068000735,sim
GENESIO A MENDES & CIA LTDA,82.873.068/0007-35,MATERIAL/INSUMO,735.53,82873068000735,sim
GENESIO A MENDES & CIA LTDA,82.873.068/0007-35,MATERIAL/INSUMO,210.76,82873068000735,sim
GENESIO A MENDES & CIA LTDA,82.873.068/0007-35,MATERIAL/INSUMO,75.62,82873068000735,sim
GENESIO A MENDES & CIA LTDA,82.873.068/0007-35,MATERIAL/INSUMO,668.18,82873068000735,sim
GIAROLLA E GARCIA SERVICOS MEDICOS S/S,14.709.459/0001-73,SERVS MED. PJ/ASSIST;/SADTS,33306.3,14709459000173,sim
GICELA SILVEIRA LEITE,00.040.289/5738-90,SERVS MED. PJ/ASSIST;/SADTS,451.49,00040289573890,nao
GLOBOMED COMERCIAL LTDA.,00.637.825/0001-11,MATERIAL/INSUMO,1899.2,00637825000111,sim
GLOBOMED COMERCIAL LTDA.,00.637.825/0001-11,MATERIAL/INSUMO,1819.0,00637825000111,sim
GLOBOMED COMERCIAL LTDA.,00.637.825/0001-11,MATERIAL/INSUMO,1361.6,00637825000111,sim
GLOBOMED COMERCIAL LTDA.,00.637.825/0001-11,MATERIAL/INSUMO,1775.0,00637825000111,sim
GLOBOMED COMERCIAL LTDA.,00.637.825/0001-11,MATERIAL/INSUMO,1080.3,00637825000111,sim
GLOBOMED COMERCIAL LTDA.,00.637.825/0001-11,MATERIAL/INSUMO,926.26,00637825000111,sim
GLOBOMED COMERCIAL LTDA.,00.637.825/0001-11,MATERIAL/INSUMO,1462.0,00637825000111,sim
GLOBOMED COMERCIAL LTDA.,00.637.825/0001-11,MATERIAL/INSUMO,799.0,00637825000111,sim
GLOBOMED COMERCIAL LTDA.,00.637.825/0001-11,MATERIAL/INSUMO,1361.6,00637825000111,sim
GREEN BAGS COMERCIO ATACADISTA DE EMBALAGENS EIRELI,24.718.094/0001-05,MATERIAL/INSUMO,13248.0,24718094000105,sim
GUILHERME NEUBERN DE FARIA,00.034.006/1148-42,SERVS MED. PJ/ASSIST;/SADTS,2893.34,00034006114842,nao
H R SERVICOS MEDICOS LTDA.,30.393.208/0001-89,SERVS MED. PJ/ASSIST;/SADTS,16133.82,30393208000189,sim
HARTMANN IND. COM. PROD. MED. HOSP. LTDA,30.667.695/0001-20,MATERIAL/INSUMO,2160.0,30667695000120,sim
HB SOLUÇÕES LTDA EPP,07.282.716/0001-78,GERAIS,1421.6,07282716000178,sim
HB SOLUÇÕES LTDA EPP,07.282.716/0001-78,GERAIS,3242.23,07282716000178,sim
HCARE SERVICOS MEDICOS LTDA,23.739.831/0001-85,SERVS MED. PJ/ASSIST;/SADTS,109887.89,23739831000185,sim
HCARE SERVICOS MEDICOS LTDA,23.739.831/0001-85,SERVS MED. PJ/ASSIST;/SADTS,501625.05,23739831000185,sim
HDL LOGISTICA HOSPITALAR LTDA,11.872.656/0001-10,MATERIAL/INSUMO,378.43,11872656000110,sim
HDL LOGISTICA HOSPITALAR LTDA,11.872.656/0001-10,MATERIAL/INSUMO,1157.4,11872656000110,sim
HELOISA PEDREIRA PEREIRA,32.853.883/0001-79,SERVS MED. PJ/ASSIST;/SADTS,18759.55,32853883000179,nao
HIDROMO COMERCIO DE MATERIAIS P/CONSTRUÇÃO LTDA,58.313.768/0001-03,MATERIAL/INSUMO,4766.4,58313768000103,sim
HIDROMO COMERCIO DE MATERIAIS P/CONSTRUÇÃO LTDA,58.313.768/0001-03,MATERIAL/INSUMO,769.0,58313768000103,sim
HIRAI INDUSTRIA E COMERCIO DE PRODUTOS LTDA,07.497.238/0001-13,MATERIAL/INSUMO,990.0,07497238000113,sim
HIRAI INDUSTRIA E COMERCIO DE PRODUTOS LTDA,07.497.238/0001-13,MATERIAL/INSUMO,990.0,07497238000113,sim
HNITTA CLINICA MEDICA E PSICOLOGICA LTDA,15.651.831/0001-09,SERVS MED. PJ/ASSIST;/SADTS,17967.63,15651831000109,sim
HOSPFAR IND E COM DE PRODUTOS HOSPITALAR,26.921.908/0002-02,MATERIAL/INSUMO,1458.0,26921908000202,sim
HYPER DESCARTAVEIS LTDA,17.471.840/0001-35,MATERIAL/INSUMO,1189.2,17471840000135,sim
HYPER DESCARTAVEIS LTDA,17.471.840/0001-35,MATERIAL/INSUMO,2079.5,17471840000135,sim
HYPER DESCARTAVEIS LTDA,17.471.840/0001-35,MATERIAL/INSUMO,1189.2,17471840000135,sim
I9PED GESTAO EM SAUDE,34.892.322/0001-04,SERVS MED. PJ/ASSIST;/SADTS,147615.6,34892322000104,sim
IMECOR - IMAGEM EM CARDIOLOGIA LTDA,00.415.266/0001-03,SERVS MED. PJ/ASSIST;/SADTS,5873.94,00415266000103,sim
IMPACTO PROD MEDICOS HOSP LTDA,08.311.856/0001-90,MATERIAL/INSUMO,1854.52,08311856000190,sim
IMPACTO PROD MEDICOS HOSP LTDA,08.311.856/0001-90,MATERIAL/INSUMO,1392.48,08311856000190,sim
IMPORT SERVICE MATERIAL MEDICO HOSPITALAR LTDA,01.122.234/0001-74,MATERIAL/INSUMO,1418.2,01122234000174,sim
IMPORTADORA LIBERMED CIRURGICA LTDA,51.733.194/0001-75,MATERIAL/INSUMO,600.0,51733194000175,sim
IMPRESS - EQUIPAMENTOS PARA ESCRITÓRIO LTDA - EPP,67.872.739/0001-64,MATERIAL/INSUMO,897.0,67872739000164,sim
INDALABOR - INDAIÁ LABORATÓRIO FARMACÊUTICO LTDA,04.654.861/0001-44,MATERIAL/INSUMO,1056.0,04654861000144,sim
INGRAM MICRO BRASIL LTDA,01.771.935/0008-00,IMOBILIZADO,2141.0,01771935000800,sim
INJEX IND CIRURGICAS LTDA,59.309.302/0001-99,MATERIAL/INSUMO,1400.0,59309302000199,sim
INJEX IND CIRURGICAS LTDA,59.309.302/0001-99,MATERIAL/INSUMO,1300.0,59309302000199,sim
"INSTITUTO SANTA CRUZ DE SAUDE, TECNOLOGIA ENSINO E PESQUISA",07.475.384/0001-48,CONSULTORIA,58909.55,07475384000148,sim
"INSTITUTO SANTA CRUZ DE SAUDE, TECNOLOGIA ENSINO E PESQUISA",07.475.384/0001-48,CONSULTORIA,97989.55,07475384000148,sim
INTENSIVA REM. TERRESTRE LTDA,11.185.866/0001-30,GERAIS,24643.12,11185866000130,sim
INTERSOLUTION - V,00.202.403/0001-13,INFORMÁTICA,1126.2,00202403000113,sim
ITA SAFETY EQUIPAMENTOS DE PROTEÇÃO INDI,07.397.742/0001-41,MATERIAL/INSUMO,391.5,07397742000141,sim
J RODRIGUES ASSESSORIA SINDICAL EIRELI,33.564.099/0001-03,GERAIS,10589.55,33564099000103,sim
JFI SERVICOS MEDICOS LTDA,33.934.153/0001-65,SERVS MED. PJ/ASSIST;/SADTS,18759.55,33934153000165,sim
JMC COMERCIAL ELETRICA LTDA,43.350.099/0001-64,MATERIAL/INSUMO,1381.1,43350099000164,sim
JOÃO PEDRO GUIMARAES PIMENTA,00.014.441/2427-78,SERVS MED. PJ/ASSIST;/SADTS,2893.34,00014441242778,nao
JOAO VICTOR TAVARES FONSECA,00.002.749/5151-73,SERVS MED. PJ/ASSIST;/SADTS,2893.34,00002749515173,nao
JOSE DE OLIVEIRA VIEIRA TAPEÇARIA ME,06.229.677/0001-82,GERAIS,1159.55,06229677000182,nao
JULIANA BORRELLI RODRIGUES DA CUNHA,00.039.164/8228-93,SERVS MED. PJ/ASSIST;/SADTS,2893.34,00039164822893,nao
JULIO FRAN DA SILVA PINTO,00.001.319/7043-79,SERVS MED. PJ/ASSIST;/SADTS,451.49,00001319704379,nao
K Z ANALISES QUÍMICAS LTDA ME,00.690.994/0001-15,GERAIS,1417.5,00690994000115,sim
K. N. LOPES EIRELI,18.540.936/0001-70,CONSULTORIA,6780.55,18540936000170,sim
KARLA TIEMI OHATA,00.004.305/6861-47,SERVS MED. PJ/ASSIST;/SADTS,451.49,00004305686147,nao
KONIMAGEM COMERCIAL LTDA,58.598.368/0001-83,MATERIAL/INSUMO,4316.8,58598368000183,sim
L A FIGUEIROA TREINAMENTO E DESENVOLVIMENTO LTDA,22.869.475/0001-51,GERAIS,30923.55,22869475000151,sim
L DO ROCIO GUANDELINE SERVICOS HOSPITALARES,34.217.803/0001-14,CONSULTORIA,24629.55,34217803000114,nao
LABNEWS INDUSTRIAS QUIMICAS LTDA,01.940.597/0001-17,MATERIAL/INSUMO,914.76,01940597000117,sim
LABNEWS INDUSTRIAS QUIMICAS LTDA,01.940.597/0001-17,MATERIAL/INSUMO,1720.01,01940597000117,sim
LABNEWS INDUSTRIAS QUIMICAS LTDA,01.940.597/0001-17,MATERIAL/INSUMO,914.76,01940597000117,sim
LABNEWS INDUSTRIAS QUIMICAS LTDA,01.940.597/0001-17,MATERIAL/INSUMO,920.0,01940597000117,sim
LABORATORIOS B BRAUN S/A,31.673.254/0010-95,MATERIAL/INSUMO,7040.0,31673254001095,sim
LABORATORIOS B BRAUN SA,31.673.254/0001-02,MATERIAL/INSUMO,9563.6,31673254000102,sim
LABORATORIOS B BRAUN SA,31.673.254/0009-51,MATERIAL/INSUMO,474.0,31673254000951,sim
LAIS SILVA NEVES SANTOS,00.002.872/9655-56,SERVS MED. PJ/ASSIST;/SADTS,2893.34,00002872965556,nao
"LEO MADEIRAS, MAQ & FERRAGENS LTDA",61.069.373/0048-77,MATERIAL/INSUMO,222.52,61069373004877,sim
LIBEMA PRODUTOS HOSPITALARES LTDA-EPP,04.514.207/0001-35,MATERIAL/INSUMO,2096.0,04514207000135,sim
LIFE BREATHING SERVIÇOS MEDICOS,24.687.312/0001-83,SERVS MED. PJ/ASSIST;/SADTS,1340.99,24687312000183,sim
LIFEMED INDUSTRIAL DE EQUIPAMENTOS E ARTIGOS MEDICOS E HOSP,02.357.251/0016-30,MATERIAL/INSUMO,1230.0,02357251001630,sim
LIGUE LACRES EIRELI,24.000.222/0001-72,MATERIAL/INSUMO,420.0,24000222000172,sim
LIQUIGÁS DISTRIBUIDORA S.A,60.886.413/0113-43,MATERIAL/INSUMO,8003.95,60886413011343,sim
LIQUIGÁS DISTRIBUIDORA S.A,60.886.413/0113-43,MATERIAL/INSUMO,8386.75,60886413011343,sim
LIQUIGÁS DISTRIBUIDORA S.A,60.886.413/0113-43,MATERIAL/INSUMO,5226.96,60886413011343,sim
LIQUIGÁS DISTRIBUIDORA S.A,60.886.413/0113-43,MATERIAL/INSUMO,4036.8,60886413011343,sim
LM FARMA INDÚSTRIA E COMÉRCIO LTDA,57.532.343/0001-14,MATERIAL/INSUMO,903.0,57532343000114,sim
LM MARTINS SERVICOS MEDICOS SOCIEDADE SIMPLES,18.301.377/0001-46,SERVS MED. PJ/ASSIST;/SADTS,8915.75,18301377000146,sim
LUCIRENE DO ROCIO GUANDELINE EIRELI,33.028.700/0001-43,CONSULTORIA,17143.55,33028700000143,sim
LUIMED COM. PROD. HOSP. LTDA-ME,09.000.348/0001-53,MATERIAL/INSUMO,21870.0,09000348000153,sim
LUIMED COMERCIO DE PRODUTOS HOSPITALARES LTDA EPP,09.000.348/0002-34,MATERIAL/INSUMO,572.0,09000348000234,sim
LUIMED COMERCIO DE PRODUTOS HOSPITALARES LTDA EPP,09.000.348/0002-34,MATERIAL/INSUMO,1806.0,09000348000234,sim
LUIMED COMERCIO DE PRODUTOS HOSPITALARES LTDA EPP,09.000.348/0002-34,MATERIAL/INSUMO,4978.74,09000348000234,sim
LUIS FELIPE ATIHE,00.042.680/3258-42,SERVS MED. PJ/ASSIST;/SADTS,451.49,00042680325842,nao
LUIZ CAVALHEIRO LUIZE EPP,00.574.872/0001-63,GERAIS,440.0,00574872000163,nao
LUIZ SERGIO CREDITO JUNIOR,00.008.947/1136-97,SERVS MED. PJ/ASSIST;/SADTS,2893.34,00008947113697,nao
M & RIGO CIRURGIOES ASSOCIADOS SOCIEDADE SIMPLES M & RIGO CI,09.287.013/0001-68,SERVS MED. PJ/ASSIST;/SADTS,7508.0,09287013000168,sim
M.N.P. CUSTÓDIO COMÉRCIO DE PRODUTOS HOSPITALARES,03.402.979/0001-12,MATERIAL/INSUMO,538.9,03402979000112,sim
M.N.P. CUSTÓDIO COMÉRCIO DE PRODUTOS HOSPITALARES,03.402.979/0001-12,MATERIAL/INSUMO,678.7,03402979000112,sim
MADEIRAS OSASCO LTDA,53.121.356/0003-01,MATERIAL/INSUMO,137.51,53121356000301,sim
MADEIRAS OSASCO LTDA,53.121.356/0003-01,MATERIAL/INSUMO,540.1,53121356000301,sim
MADEIRAS OSASCO LTDA,53.121.356/0003-01,MATERIAL/INSUMO,16.5,53121356000301,sim
MADEIRAS OSASCO LTDA,53.121.356/0003-01,MATERIAL/INSUMO,766.9,53121356000301,sim
MAHMOUD ZAFER MERHI,00.023.903/3208-03,SERVS MED. PJ/ASSIST;/SADTS,2893.34,00023903320803,nao
MARCELO ANDUJA SILVA ENTREGAS,10.840.343/0001-18,GERAIS,3542.0,10840343000118,nao
MARCELO HIDEKI OKANO INFORMATICA,07.503.636/0001-03,INFORMÁTICA,630.0,07503636000103,nao
MARIAN BACCAN MIRANDA,00.039.842/1748-08,SERVS MED. PJ/ASSIST;/SADTS,451.49,00039842174808,nao
MARIANA ARAUJO CORTES SILVA,00.004.243/6981-80,SERVS MED. PJ/ASSIST;/SADTS,451.49,00004243698180,nao
MARIANA BENVENUTO DE ALMEIDA,00.006.529/8154-22,SERVS MED. PJ/ASSIST;/SADTS,451.49,00006529815422,nao
MARIANA SAAD GUARDA,00.042.951/1108-20,SERVS MED. PJ/ASSIST;/SADTS,2893.34,00042951110820,nao
MAURA & CAVALLINI SERVICOS MEDICOS LTDA,26.493.104/0001-79,SERVS MED. PJ/ASSIST;/SADTS,16871.55,26493104000179,sim
MAX MEDICAL COMERCIO DE PRODUTOS MEDICOS E HOSPITALARES LTDA,07.295.038/0001-88,MATERIAL/INSUMO,752.4,07295038000188,sim
MEDCIM PRODUTOS HOSPITALARES E SERVICOS LTDA,12.212.583/0001-01,MATERIAL/INSUMO,10440.0,12212583000101,sim
MEDCORP HOSPITALAR LTDA,67.630.541/0001-74,MATERIAL/INSUMO,9880.0,67630541000174,sim
MEDCORP HOSPITALAR LTDA,67.630.541/0001-74,MATERIAL/INSUMO,3920.0,67630541000174,sim
MEDCORP HOSPITALAR LTDA,67.630.541/0001-74,MATERIAL/INSUMO,10650.0,67630541000174,sim
MEDI GLOBE BRASIL LTDA,04.242.860/0001-92,MATERIAL/INSUMO,480.0,04242860000192,sim
MEDI GLOBE BRASIL LTDA,04.242.860/0001-92,MATERIAL/INSUMO,960.0,04242860000192,sim
MEDI HOUSE IND. COM. PROD. CIR. E HOSP. LTDA,48.939.276/0001-66,MATERIAL/INSUMO,5805.0,48939276000166,sim
MEDI HOUSE IND. COM. PROD. CIR. E HOSP. LTDA,48.939.276/0001-66,MATERIAL/INSUMO,3334.0,48939276000166,sim
MEDI HOUSE IND. COM. PROD. CIR. E HOSP. LTDA,48.939.276/0001-66,MATERIAL/INSUMO,4554.0,48939276000166,sim
MEDI HOUSE IND. COM. PROD. CIR. E HOSP. LTDA,48.939.276/0001-66,MATERIAL/INSUMO,3535.7,48939276000166,sim
MEDI HOUSE IND. COM. PROD. CIR. E HOSP. LTDA,48.939.276/0001-66,MATERIAL/INSUMO,5805.0,48939276000166,sim
MEDI HOUSE IND. COM. PROD. CIR. E HOSP. LTDA,48.939.276/0001-66,MATERIAL/INSUMO,296.8,48939276000166,sim
MEDI HOUSE IND. COM. PROD. CIR. E HOSP. LTDA,48.939.276/0001-66,MATERIAL/INSUMO,3203.3,48939276000166,sim
MEDI HOUSE IND. COM. PROD. CIR. E HOSP. LTDA,48.939.276/0001-66,MATERIAL/INSUMO,5805.0,48939276000166,sim
MEDI HOUSE IND. COM. PROD. CIR. E HOSP. LTDA,48.939.276/0001-66,MATERIAL/INSUMO,1007.2,48939276000166,sim
MEDI HOUSE IND. COM. PROD. CIR. E HOSP. LTDA,48.939.276/0001-66,MATERIAL/INSUMO,442.75,48939276000166,sim
MEDI HOUSE IND. COM. PROD. CIR. E HOSP. LTDA,48.939.276/0001-66,MATERIAL/INSUMO,385.0,48939276000166,sim
MEDICAL FRANCO MANUTENÇÃO DE EQUIPAMENTOS MÉDICOS E HOSPITAL,26.834.113/0001-86,GERAIS,980.0,26834113000186,sim
MEDICAL FRANCO MANUTENÇÃO DE EQUIPAMENTOS MÉDICOS E HOSPITAL,26.834.113/0001-86,GERAIS,1050.0,26834113000186,sim
MEDICAL FRANCO MANUTENÇÃO DE EQUIPAMENTOS MÉDICOS E HOSPITAL,26.834.113/0001-86,GERAIS,1100.0,26834113000186,sim
MEDICAL FRANCO MANUTENÇÃO DE EQUIPAMENTOS MÉDICOS E HOSPITAL,26.834.113/0001-86,GERAIS,1520.0,26834113000186,sim
MEDICAL FRANCO MANUTENÇÃO DE EQUIPAMENTOS MÉDICOS E HOSPITAL,26.834.113/0001-86,GERAIS,1790.0,26834113000186,sim
MEDICAMENTAL HOSPITALAR LTDA,31.378.288/0001-66,MATERIAL/INSUMO,1390.1,31378288000166,sim
MEDICAMENTAL HOSPITALAR LTDA,31.378.288/0001-66,MATERIAL/INSUMO,23300.0,31378288000166,sim
MEDICAMENTAL HOSPITALAR LTDA,31.378.288/0001-66,MATERIAL/INSUMO,441.18,31378288000166,sim
MEDICAMENTAL HOSPITALAR LTDA,31.378.288/0001-66,MATERIAL/INSUMO,4485.11,31378288000166,sim
MEDICAMENTAL HOSPITALAR LTDA,31.378.288/0001-66,MATERIAL/INSUMO,5815.58,31378288000166,sim
MEDICAMENTAL HOSPITALAR LTDA,31.378.288/0001-66,MATERIAL/INSUMO,2340.0,31378288000166,sim
MEDICAMENTAL HOSPITALAR LTDA,31.378.288/0001-66,MATERIAL/INSUMO,15581.33,31378288000166,sim
MEDICAMENTAL HOSPITALAR LTDA,31.378.288/0001-66,MATERIAL/INSUMO,7140.0,31378288000166,sim
MEDILAR IMP. E DIST. DE PROD.HOSPITALAR,07.752.236/0001-23,MATERIAL/INSUMO,1124.88,07752236000123,sim
MEDILAR IMP. E DIST. DE PROD.HOSPITALAR,07.752.236/0001-23,MATERIAL/INSUMO,4610.8,07752236000123,sim
MEDILAR IMP. E DIST. DE PROD.HOSPITALAR,07.752.236/0001-23,MATERIAL/INSUMO,1735.0,07752236000123,sim
MEDIMPORT COM. PROD. HOSPITALARES,03.434.334/0001-61,MATERIAL/INSUMO,1260.0,03434334000161,sim
MEDIMPORT COM. PROD. HOSPITALARES,03.434.334/0001-61,MATERIAL/INSUMO,1620.0,03434334000161,sim
MEDSERVICE COMERCIO DE EQUIPAMENTOS MEDICOS HOSPITALARES EIR,29.720.970/0001-43,MATERIAL/INSUMO,4729.55,29720970000143,sim
MEDVIDEO LOC. EQUIPAMENTOS LTDA ME,10.665.314/0001-67,GERAIS,11700.0,10665314000167,sim
MELISSA NICOLE MONTANO ROJAS,00.007.257/6771-58,SERVS MED. PJ/ASSIST;/SADTS,2893.34,00007257677158,nao
METODO DIAGNOSTICOS LTDA,07.951.423/0001-36,SERVS MED. PJ/ASSIST;/SADTS,177893.8,07951423000136,sim
MGMED PRODUTOS HOSPITALARES EIRELI,17.217.364/0001-20,MATERIAL/INSUMO,1308.0,17217364000120,sim
MIRANDA E FAGAN SERVICOS MEDICOS LTDA,33.827.459/0001-12,SERVS MED. PJ/ASSIST;/SADTS,10989.55,33827459000112,sim
MIRRORTECH - SOLUCOES E CONSULTORIA EM T.I EIRELI,33.924.567/0001-03,INFORMÁTICA,24490.0,33924567000103,sim
MORIAH ASSESSORIA E REPRESENTAÇÕES COMERCIAIS LTDA,32.311.246/0001-70,MATERIAL/INSUMO,840.0,32311246000170,sim
MORIAH ASSESSORIA E REPRESENTAÇÕES COMERCIAIS LTDA,32.311.246/0001-70,MATERIAL/INSUMO,980.0,32311246000170,sim
MOTTA MED SERVICOS MEDICOS S/S,10.650.346/0001-99,SERVS MED. PJ/ASSIST;/SADTS,7497.55,10650346000199,sim
MULTI PLANTAS COMERCIO E JARDINAGENS LTDA,13.340.763/0001-23,GERAIS,3730.99,13340763000123,sim
MULTIFARMA COMERCIAL LTDA - ME,21.681.325/0001-57,MATERIAL/INSUMO,7416.0,21681325000157,sim
MULTIFARMA COMERCIAL LTDA - ME,21.681.325/0001-57,MATERIAL/INSUMO,6180.0,21681325000157,sim
MUNDUS NOVUS TECNOLOGIA DA INFORMACAO LTDA.,18.844.629/0001-83,GERAIS,369.55,18844629000183,sim
MUNDUS NOVUS TECNOLOGIA DA INFORMACAO LTDA.,18.844.629/0001-83,GERAIS,2089.55,18844629000183,sim
NACIONAL COMERCIAL HOSPITALAR LTDA,52.202.744/0001-92,MATERIAL/INSUMO,944.32,52202744000192,sim
NACIONAL COMERCIAL HOSPITALAR S.A.,52.202.744/0007-88,MATERIAL/INSUMO,1631.54,52202744000788,sim
NAR SUPRIMENTOS MÉDICOS LTDA,05.994.954/0001-80,MATERIAL/INSUMO,1166.3,05994954000180,sim
NAR SUPRIMENTOS MÉDICOS LTDA,05.994.954/0001-80,MATERIAL/INSUMO,1139.87,05994954000180,sim
NATBIO IMPORTADORA LTDA - EPP,12.671.880/0001-07,MATERIAL/INSUMO,3870.0,12671880000107,sim
NATBIO IMPORTADORA LTDA - EPP,12.671.880/0001-07,MATERIAL/INSUMO,1172.6,12671880000107,sim
NATBIO IMPORTADORA LTDA - EPP,12.671.880/0001-07,MATERIAL/INSUMO,2148.0,12671880000107,sim
NEUPHARMA DISTRIBUICAO DE MATERIAL MEDICO HOSPITALAR LTDA EP,21.487.927/0001-78,MATERIAL/INSUMO,2459.75,21487927000178,sim
NEWCARE COMERCIO DE MATERIAS CIRURGICOS E HOSPITALARES LTDA,07.707.978/0001-37,MATERIAL/INSUMO,2550.51,07707978000137,sim
NEWCARE COMERCIO DE MATERIAS CIRURGICOS E HOSPITALARES LTDA,07.707.978/0001-37,MATERIAL/INSUMO,28.51,07707978000137,sim
NG PRINT ROTULOS E ETIQUETAS LTDA,08.840.499/0001-57,MATERIAL/INSUMO,2600.0,08840499000157,sim
NICOLE DE MORAES FECHIO,00.010.987/9386-22,SERVS MED. PJ/ASSIST;/SADTS,451.49,00010987938622,nao
NICOLE MALDONADO GIOVANETTO,00.041.608/4368-96,SERVS MED. PJ/ASSIST;/SADTS,2893.34,00041608436896,nao
NILMA BOLZAN PENHA - ME,10.876.806/0001-00,GERAIS,925.55,10876806000100,nao
NIPRO MEDICAL CORPORATION MEDICOS LTDA,13.333.090/0001-84,MATERIAL/INSUMO,3240.0,13333090000184,sim
NIPRO MEDICAL CORPORATION MEDICOS LTDA,13.333.090/0001-84,MATERIAL/INSUMO,3240.0,13333090000184,sim
NIPRO MEDICAL CORPORATION MEDICOS LTDA,13.333.090/0001-84,MATERIAL/INSUMO,1020.0,13333090000184,sim
NIPRO MEDICAL CORPORATION MEDICOS LTDA,13.333.090/0001-84,MATERIAL/INSUMO,1295.99,13333090000184,sim
NIPRO MEDICAL CORPORATION MEDICOS LTDA,13.333.090/0001-84,MATERIAL/INSUMO,2160.0,13333090000184,sim
NIPRO MEDICAL CORPORATION MEDICOS LTDA,13.333.090/0001-84,MATERIAL/INSUMO,2880.0,13333090000184,sim
NIPRO MEDICAL CORPORATION MEDICOS LTDA,13.333.090/0001-84,MATERIAL/INSUMO,1296.02,13333090000184,sim
NOROESTE COMUNICACAO LTDA,00.425.500/0001-75,CONSULTORIA,7500.0,00425500000175,sim
NORTHTEC COMERCIO DE EQUIPAMENTOS INDUSTRIAIS LTDA,27.549.246/0001-73,CONSULTORIA,399.9,27549246000173,sim
NOTRE DAME INTERMEDICA SAUDE S.A.,44.649.812/0001-38,BENEFICIOS,4890.0,44649812000138,sim
NR PERRI CLINICA MEDICA LTDA,24.254.449/0001-44,SERVS MED. PJ/ASSIST;/SADTS,7497.55,24254449000144,sim
NUTRII LIFFE COM. E REPRES. LTDA,01.797.454/0001-06,MATERIAL/INSUMO,3043.21,01797454000106,sim
NUTRII LIFFE COM. E REPRES. LTDA,01.797.454/0001-06,MATERIAL/INSUMO,603.6,01797454000106,sim
NUTRII LIFFE COM. E REPRES. LTDA,01.797.454/0001-06,MATERIAL/INSUMO,1863.15,01797454000106,sim
NUTRIPORT COMERCIAL LTDA,03.612.312/0001-44,MATERIAL/INSUMO,473.38,03612312000144,sim
ONCORIO DISTRIBUIDORA DE MEDICAMENTOS LTDA EPP,10.630.293/0001-44,MATERIAL/INSUMO,356.0,10630293000144,sim
ONCOVYD SERVICOS MEDICOS LTDA,31.943.773/0001-35,SERVS MED. PJ/ASSIST;/SADTS,1400.0,31943773000135,sim
ONCOVYD SERVICOS MEDICOS LTDA,31.943.773/0001-35,SERVS MED. PJ/ASSIST;/SADTS,5589.55,31943773000135,sim
ONIRA SOLUCOES AMBIENTAIS EIRELI,18.258.740/0001-98,GERAIS,1448.4,18258740000198,sim
OOFOROS SERVICOS MEDICOS LTDA,04.989.140/0001-95,SERVS MED. PJ/ASSIST;/SADTS,3743.55,04989140000195,sim
OPUSPAC INDUSTRIA E COMERCIO DE MAQUINAS LTDA,10.780.790/0001-29,GERAIS,462.1,10780790000129,sim
ORSI CERIBELLI SERVICOS MEDICOS LTDA,29.327.345/0001-36,SERVS MED. PJ/ASSIST;/SADTS,8089.55,29327345000136,sim
ORTOMUNDI COMERCIO DE MATERIAIS MÉDICOS CIRURGICOS LTDA,10.842.687/0001-66,MATERIAL/INSUMO,1000.0,10842687000166,sim
ORTOMUNDI COMERCIO DE MATERIAIS MÉDICOS CIRURGICOS LTDA,10.842.687/0001-66,MATERIAL/INSUMO,917.87,10842687000166,sim
ORTOMUNDI COMERCIO DE MATERIAIS MÉDICOS CIRURGICOS LTDA,10.842.687/0001-66,MATERIAL/INSUMO,928.32,10842687000166,sim
ORTOMUNDI COMERCIO DE MATERIAIS MÉDICOS CIRURGICOS LTDA,10.842.687/0001-66,MATERIAL/INSUMO,2377.82,10842687000166,sim
ORTOMUNDI COMERCIO DE MATERIAIS MÉDICOS CIRURGICOS LTDA,10.842.687/0001-66,MATERIAL/INSUMO,3556.28,10842687000166,sim
ORTOS COM. PROD. MEDICOS HOSP. LTDA,67.509.075/0001-73,MATERIAL/INSUMO,148.4,67509075000173,sim
ORTOS COM. PROD. MEDICOS HOSP. LTDA,67.509.075/0001-73,MATERIAL/INSUMO,183.81,67509075000173,sim
ORTOS COM. PROD. MEDICOS HOSP. LTDA,67.509.075/0001-73,MATERIAL/INSUMO,251.22,67509075000173,sim
ORTOS COM. PROD. MEDICOS HOSP. LTDA,67.509.075/0001-73,MATERIAL/INSUMO,659.76,67509075000173,sim
ORTOS COM. PROD. MEDICOS HOSP. LTDA,67.509.075/0001-73,MATERIAL/INSUMO,1350.04,67509075000173,sim
ORTOS COM. PROD. MEDICOS HOSP. LTDA,67.509.075/0001-73,MATERIAL/INSUMO,2043.0,67509075000173,sim
ORTOS COM. PROD. MEDICOS HOSP. LTDA,67.509.075/0001-73,MATERIAL/INSUMO,2243.0,67509075000173,sim
ORTOS COM. PROD. MEDICOS HOSP. LTDA,67.509.075/0001-73,MATERIAL/INSUMO,2774.81,67509075000173,sim
ORTOS COM. PROD. MEDICOS HOSP. LTDA,67.509.075/0001-73,MATERIAL/INSUMO,3464.39,67509075000173,sim
ORTOS COM. PROD. MEDICOS HOSP. LTDA,67.509.075/0001-73,MATERIAL/INSUMO,3871.0,67509075000173,sim
ORTOS COM. PROD. MEDICOS HOSP. LTDA,67.509.075/0001-73,MATERIAL/INSUMO,6418.37,67509075000173,sim
ORTOS COM. PROD. MEDICOS HOSP. LTDA,67.509.075/0001-73,MATERIAL/INSUMO,538.06,67509075000173,sim
ORTOS COM. PROD. MEDICOS HOSP. LTDA,67.509.075/0001-73,MATERIAL/INSUMO,1595.0,67509075000173,sim
PAMELA CARRIJO COSTA,00.036.057/6928-45,SERVS MED. PJ/ASSIST;/SADTS,2893.34,00036057692845,nao
PAPELARIA E BAZAR POLGRYMAS LTDA - EPP,43.899.665/0001-91,MATERIAL/INSUMO,2195.88,43899665000191,sim
PAPELARIA E BAZAR POLGRYMAS LTDA - EPP,43.899.665/0001-91,MATERIAL/INSUMO,172.8,43899665000191,sim
PASCAL SERVICOS PEDIATRICOS LTDA.,23.410.144/0001-11,SERVS MED. PJ/ASSIST;/SADTS,69390.0,23410144000111,sim
PATRICIA PADIAL DE ARAUJO,35.747.684/0001-74,SERVS MED. PJ/ASSIST;/SADTS,17149.5,35747684000174,nao
PAULITECNICA COM.E ASSISTENCIA TEC.DE BALANCAS LTDA - ME,61.564.779/0001-62,GERAIS,1235.0,61564779000162,sim
PHARMA LOG PRODUTOS FARMACEUTICOS LTDA,13.485.130/0001-03,MATERIAL/INSUMO,4464.0,13485130000103,sim
PHARMA LOG PRODUTOS FARMACEUTICOS LTDA,13.485.130/0001-03,MATERIAL/INSUMO,3736.54,13485130000103,sim
PHARMA LOG PRODUTOS FARMACEUTICOS LTDA,13.485.130/0001-03,MATERIAL/INSUMO,819.35,13485130000103,sim
PHOELAB DISTRIB. MEDICAMENTOS LTDA ME,07.296.127/0001-49,MATERIAL/INSUMO,1025.0,07296127000149,sim
PHOELAB DISTRIB. MEDICAMENTOS LTDA ME,07.296.127/0001-49,MATERIAL/INSUMO,595.0,07296127000149,sim
PIRES & SEGANFREDO SERVICOS MEDICOS S/S,33.397.401/0001-86,SERVS MED. PJ/ASSIST;/SADTS,23989.5,33397401000186,sim
PLANISA PLANEJ. ORG. DE INST. DE SAUDE S/S LTDA,58.921.792/0001-17,INFORMÁTICA,1487.89,58921792000117,sim
POLAR FIX INDÚSTRIA DE COMÉRCIO DE PRODUTOS HOSPITALARES LTD,02.881.877/0001-64,MATERIAL/INSUMO,2053.35,02881877000164,sim
POLAR FIX INDÚSTRIA DE COMÉRCIO DE PRODUTOS HOSPITALARES LTD,02.881.877/0001-64,MATERIAL/INSUMO,3300.0,02881877000164,sim
POLAR FIX INDÚSTRIA DE COMÉRCIO DE PRODUTOS HOSPITALARES LTD,02.881.877/0001-64,MATERIAL/INSUMO,4944.0,02881877000164,sim
POLAR FIX INDÚSTRIA DE COMÉRCIO DE PRODUTOS HOSPITALARES LTD,02.881.877/0001-64,MATERIAL/INSUMO,1519.25,02881877000164,sim
POLAR FIX INDÚSTRIA DE COMÉRCIO DE PRODUTOS HOSPITALARES LTD,02.881.877/0001-64,MATERIAL/INSUMO,587.55,02881877000164,sim
POLAR FIX INDÚSTRIA DE COMÉRCIO DE PRODUTOS HOSPITALARES LTD,02.881.877/0001-64,MATERIAL/INSUMO,435.19,02881877000164,sim
POLAR FIX INDUSTRIA E COMERCIO DE PRODUTOS HOSPITALARES LTDA,02.881.877/0004-07,MATERIAL/INSUMO,3120.0,02881877000407,sim
POLI MEDICAL COMERCIO DE MATERIASIS HOSPITALAR,13.196.462/0001-78,MATERIAL/INSUMO,2120.0,13196462000178,sim
POLI MEDICAL COMERCIO DE MATERIASIS HOSPITALAR,13.196.462/0001-78,MATERIAL/INSUMO,3600.0,13196462000178,sim
POLI TEX INDUSTRIA E COMERCIO LTDA,00.355.308/0001-50,MATERIAL/INSUMO,2070.0,00355308000150,sim
POLI TEX INDUSTRIA E COMERCIO LTDA,00.355.308/0001-50,MATERIAL/INSUMO,1610.0,00355308000150,sim
POLITEC IMPORTAÇÃO E COMERCIO LTDA,43.894.609/0001-64,MATERIAL/INSUMO,1548.0,43894609000164,sim
POLO CIRURGICO LTDA ME,08.323.951/0001-03,MATERIAL/INSUMO,865.3,08323951000103,sim
POLO CIRURGICO LTDA ME,08.323.951/0001-03,MATERIAL/INSUMO,348.0,08323951000103,sim
PONTO CERTO MATERIAIS CONSTRUÇÃO,71.998.827/0001-84,GERAIS,2893.5,71998827000184,sim
PORTO SEGURO - SEGURO SAUDE S/A,04.540.010/0001-70,FOLHA DE PAGAMENTO,7365.68,04540010000170,sim
PRECISION COMERCIAL DISTRIBUIDORA DE PRODUTOS MEDICO HOSPITA,30.461.442/0001-04,MATERIAL/INSUMO,951.6,30461442000104,sim
PREFEITURA MUNICIPAL DE CARAPICUIBA,44.892.693/0001-40,GERAIS,49.42,44892693000140,nao
PRINT CENTER COMERC. DE SUPRIMENTOS P/ INFORMATICA LTDA,00.015.403/0001-04,MATERIAL/INSUMO,243.25,00015403000104,sim
PRISCILA PAMELA DA SILVA,00.035.756/4108-05,SERVS MED. PJ/ASSIST;/SADTS,2893.34,00035756410805,nao
PRO NEOMED ASSIS. MED. NEONATAL S/C LTDA,61.848.875/0001-32,SERVS MED. PJ/ASSIST;/SADTS,5057.45,61848875000132,sim
PROCIFAR DISTRIBUIDORA LTDA,14.722.938/0001-20,MATERIAL/INSUMO,3080.0,14722938000120,sim
PROCIFAR DISTRIBUIDORA LTDA,14.722.938/0001-20,MATERIAL/INSUMO,1534.0,14722938000120,sim
PROCIFAR DISTRIBUIDORA LTDA,14.722.938/0001-20,MATERIAL/INSUMO,3800.0,14722938000120,sim
"PRODUMED SERVIÇOS, INDUSTRIA E COMERCIO LTDA",55.634.901/0001-27,GERAIS,121.02,55634901000127,sim
"PRODUMED SERVIÇOS, INDUSTRIA E COMERCIO LTDA",55.634.901/0001-27,GERAIS,144.26,55634901000127,sim
"PRODUMED SERVIÇOS, INDUSTRIA E COMERCIO LTDA",55.634.901/0001-27,GERAIS,88.37,55634901000127,sim
"PRODUMED SERVIÇOS, INDUSTRIA E COMERCIO LTDA",55.634.901/0001-27,GERAIS,222.5,55634901000127,sim
"PRODUMED SERVIÇOS, INDUSTRIA E COMERCIO LTDA",55.634.901/0001-27,GERAIS,272.29,55634901000127,sim
"PRODUMED SERVIÇOS, INDUSTRIA E COMERCIO LTDA",55.634.901/0001-27,GERAIS,163.42,55634901000127,sim
"PRODUMED SERVIÇOS, INDUSTRIA E COMERCIO LTDA",55.634.901/0001-27,GERAIS,221.96,55634901000127,sim
"PRODUMED SERVIÇOS, INDUSTRIA E COMERCIO LTDA",55.634.901/0001-27,GERAIS,1561.28,55634901000127,sim
"PRODUMED SERVIÇOS, INDUSTRIA E COMERCIO LTDA",55.634.901/0001-27,GERAIS,133.22,55634901000127,sim
"PRODUMED SERVIÇOS, INDUSTRIA E COMERCIO LTDA",55.634.901/0001-27,GERAIS,286.84,55634901000127,sim
"PRODUMED SERVIÇOS, INDUSTRIA E COMERCIO LTDA",55.634.901/0001-27,GERAIS,15.85,55634901000127,sim
"PRODUMED SERVIÇOS, INDUSTRIA E COMERCIO LTDA",55.634.901/0001-27,GERAIS,123.57,55634901000127,sim
"PRODUMED SERVIÇOS, INDUSTRIA E COMERCIO LTDA",55.634.901/0001-27,GERAIS,127.46,55634901000127,sim
"PRODUMED SERVIÇOS, INDUSTRIA E COMERCIO LTDA",55.634.901/0001-27,GERAIS,320.01,55634901000127,sim
"PRODUMED SERVIÇOS, INDUSTRIA E COMERCIO LTDA",55.634.901/0001-27,GERAIS,72.68,55634901000127,sim
"PRODUMED SERVIÇOS, INDUSTRIA E COMERCIO LTDA",55.634.901/0001-27,GERAIS,83.14,55634901000127,sim
"PRODUMED SERVIÇOS, INDUSTRIA E COMERCIO LTDA",55.634.901/0001-27,GERAIS,88.55,55634901000127,sim
"PRODUMED SERVIÇOS, INDUSTRIA E COMERCIO LTDA",55.634.901/0001-27,GERAIS,227.05,55634901000127,sim
"PRODUMED SERVIÇOS, INDUSTRIA E COMERCIO LTDA",55.634.901/0001-27,GERAIS,96.27,55634901000127,sim
"PRODUMED SERVIÇOS, INDUSTRIA E COMERCIO LTDA",55.634.901/0001-27,GERAIS,192.26,55634901000127,sim
"PRODUMED SERVIÇOS, INDUSTRIA E COMERCIO LTDA",55.634.901/0001-27,GERAIS,267.0,55634901000127,sim
"PRODUMED SERVIÇOS, INDUSTRIA E COMERCIO LTDA",55.634.901/0001-27,GERAIS,148.17,55634901000127,sim
"PRODUMED SERVIÇOS, INDUSTRIA E COMERCIO LTDA",55.634.901/0001-27,GERAIS,319.84,55634901000127,sim
"PRODUMED SERVIÇOS, INDUSTRIA E COMERCIO LTDA",55.634.901/0001-27,GERAIS,127.16,55634901000127,sim
"PRODUMED SERVIÇOS, INDUSTRIA E COMERCIO LTDA",55.634.901/0001-27,GERAIS,156.49,55634901000127,sim
"PRODUMED SERVIÇOS, INDUSTRIA E COMERCIO LTDA",55.634.901/0001-27,GERAIS,136.79,55634901000127,sim
"PRODUMED SERVIÇOS, INDUSTRIA E COMERCIO LTDA",55.634.901/0001-27,GERAIS,238.15,55634901000127,sim
"PRODUMED SERVIÇOS, INDUSTRIA E COMERCIO LTDA",55.634.901/0001-27,GERAIS,90.51,55634901000127,sim
"PRODUMED SERVIÇOS, INDUSTRIA E COMERCIO LTDA",55.634.901/0001-27,GERAIS,302.58,55634901000127,sim
"PRODUMED SERVIÇOS, INDUSTRIA E COMERCIO LTDA",55.634.901/0001-27,GERAIS,327.01,55634901000127,sim
"PRODUMED SERVIÇOS, INDUSTRIA E COMERCIO LTDA",55.634.901/0001-27,GERAIS,216.98,55634901000127,sim
"PRODUMED SERVIÇOS, INDUSTRIA E COMERCIO LTDA",55.634.901/0001-27,GERAIS,199.03,55634901000127,sim
"PRODUMED SERVIÇOS, INDUSTRIA E COMERCIO LTDA",55.634.901/0001-27,GERAIS,225.67,55634901000127,sim
"PRODUMED SERVIÇOS, INDUSTRIA E COMERCIO LTDA",55.634.901/0001-27,GERAIS,339.76,55634901000127,sim
"PRODUMED SERVIÇOS, INDUSTRIA E COMERCIO LTDA",55.634.901/0001-27,GERAIS,342.98,55634901000127,sim
"PRODUMED SERVIÇOS, INDUSTRIA E COMERCIO LTDA",55.634.901/0001-27,GERAIS,958.6,55634901000127,sim
"PRODUMED SERVIÇOS, INDUSTRIA E COMERCIO LTDA",55.634.901/0001-27,GERAIS,15.46,55634901000127,sim
"PRODUMED SERVIÇOS, INDUSTRIA E COMERCIO LTDA",55.634.901/0001-27,GERAIS,127.42,55634901000127,sim
"PRODUMED SERVIÇOS, INDUSTRIA E COMERCIO LTDA",55.634.901/0001-27,GERAIS,158.72,55634901000127,sim
"PRODUMED SERVIÇOS, INDUSTRIA E COMERCIO LTDA",55.634.901/0001-27,GERAIS,119.02,55634901000127,sim
"PRODUMED SERVIÇOS, INDUSTRIA E COMERCIO LTDA",55.634.901/0001-27,GERAIS,269.13,55634901000127,sim
"PRODUMED SERVIÇOS, INDUSTRIA E COMERCIO LTDA",55.634.901/0001-27,GERAIS,61.42,55634901000127,sim
"PRODUMED SERVIÇOS, INDUSTRIA E COMERCIO LTDA",55.634.901/0001-27,GERAIS,141.04,55634901000127,sim
"PRODUMED SERVIÇOS, INDUSTRIA E COMERCIO LTDA",55.634.901/0001-27,GERAIS,168.14,55634901000127,sim
"PRODUMED SERVIÇOS, INDUSTRIA E COMERCIO LTDA",55.634.901/0001-27,GERAIS,84.57,55634901000127,sim
"PRODUMED SERVIÇOS, INDUSTRIA E COMERCIO LTDA",55.634.901/0001-27,GERAIS,293.16,55634901000127,sim
"PRODUMED SERVIÇOS, INDUSTRIA E COMERCIO LTDA",55.634.901/0001-27,GERAIS,73.41,55634901000127,sim
"PRODUMED SERVIÇOS, INDUSTRIA E COMERCIO LTDA",55.634.901/0001-27,GERAIS,101.45,55634901000127,sim
"PRODUMED SERVIÇOS, INDUSTRIA E COMERCIO LTDA",55.634.901/0001-27,GERAIS,179.68,55634901000127,sim
"PRODUMED SERVIÇOS, INDUSTRIA E COMERCIO LTDA",55.634.901/0001-27,GERAIS,76.1,55634901000127,sim
"PRODUMED SERVIÇOS, INDUSTRIA E COMERCIO LTDA",55.634.901/0001-27,GERAIS,175.85,55634901000127,sim
"PRODUMED SERVIÇOS, INDUSTRIA E COMERCIO LTDA",55.634.901/0001-27,GERAIS,242.21,55634901000127,sim
"PRODUMED SERVIÇOS, INDUSTRIA E COMERCIO LTDA",55.634.901/0001-27,GERAIS,183.54,55634901000127,sim
"PRODUMED SERVIÇOS, INDUSTRIA E COMERCIO LTDA",55.634.901/0001-27,GERAIS,123.32,55634901000127,sim
"PRODUMED SERVIÇOS, INDUSTRIA E COMERCIO LTDA",55.634.901/0001-27,GERAIS,125.98,55634901000127,sim
"PRODUMED SERVIÇOS, INDUSTRIA E COMERCIO LTDA",55.634.901/0001-27,GERAIS,173.9,55634901000127,sim
"PRODUMED SERVIÇOS, INDUSTRIA E COMERCIO LTDA",55.634.901/0001-27,GERAIS,363.62,55634901000127,sim
"PRODUMED SERVIÇOS, INDUSTRIA E COMERCIO LTDA",55.634.901/0001-27,GERAIS,147.02,55634901000127,sim
"PRODUMED SERVIÇOS, INDUSTRIA E COMERCIO LTDA",55.634.901/0001-27,GERAIS,160.66,55634901000127,sim
"PRODUMED SERVIÇOS, INDUSTRIA E COMERCIO LTDA",55.634.901/0001-27,GERAIS,124.16,55634901000127,sim
"PRODUMED SERVIÇOS, INDUSTRIA E COMERCIO LTDA",55.634.901/0001-27,GERAIS,313.99,55634901000127,sim
"PRODUMED SERVIÇOS, INDUSTRIA E COMERCIO LTDA",55.634.901/0001-27,GERAIS,430.18,55634901000127,sim
"PRODUMED SERVIÇOS, INDUSTRIA E COMERCIO LTDA",55.634.901/0001-27,GERAIS,211.99,55634901000127,sim
PROFORMULA QUIMIOTERAPICA LTDA,07.028.603/0001-40,MATERIAL/INSUMO,41.48,07028603000140,sim
PROFORMULA QUIMIOTERAPICA LTDA,07.028.603/0001-40,MATERIAL/INSUMO,105.25,07028603000140,sim
PROFORMULA QUIMIOTERAPICA LTDA,07.028.603/0001-40,MATERIAL/INSUMO,110.87,07028603000140,sim
PROFORMULA QUIMIOTERAPICA LTDA,07.028.603/0001-40,MATERIAL/INSUMO,172.6,07028603000140,sim
PROFORMULA QUIMIOTERAPICA LTDA,07.028.603/0001-40,MATERIAL/INSUMO,42.97,07028603000140,sim
PROFORMULA QUIMIOTERAPICA LTDA,07.028.603/0001-40,MATERIAL/INSUMO,48.61,07028603000140,sim
PROFORMULA QUIMIOTERAPICA LTDA,07.028.603/0001-40,MATERIAL/INSUMO,52.17,07028603000140,sim
PROFORMULA QUIMIOTERAPICA LTDA,07.028.603/0001-40,MATERIAL/INSUMO,98.75,07028603000140,sim
PROFORMULA QUIMIOTERAPICA LTDA,07.028.603/0001-40,MATERIAL/INSUMO,187.37,07028603000140,sim
PROFORMULA QUIMIOTERAPICA LTDA,07.028.603/0001-40,MATERIAL/INSUMO,187.37,07028603000140,sim
PROFORMULA QUIMIOTERAPICA LTDA,07.028.603/0001-40,MATERIAL/INSUMO,45.65,07028603000140,sim
PROFORMULA QUIMIOTERAPICA LTDA,07.028.603/0001-40,MATERIAL/INSUMO,45.65,07028603000140,sim
PROFORMULA QUIMIOTERAPICA LTDA,07.028.603/0001-40,MATERIAL/INSUMO,45.85,07028603000140,sim
PROFORMULA QUIMIOTERAPICA LTDA,07.028.603/0001-40,MATERIAL/INSUMO,52.03,07028603000140,sim
PROFORMULA QUIMIOTERAPICA LTDA,07.028.603/0001-40,MATERIAL/INSUMO,52.12,07028603000140,sim
PROFORMULA QUIMIOTERAPICA LTDA,07.028.603/0001-40,MATERIAL/INSUMO,187.37,07028603000140,sim
PROFORMULA QUIMIOTERAPICA LTDA,07.028.603/0001-40,MATERIAL/INSUMO,187.37,07028603000140,sim
PROFORMULA QUIMIOTERAPICA LTDA,07.028.603/0001-40,MATERIAL/INSUMO,239.87,07028603000140,sim
PROFORMULA QUIMIOTERAPICA LTDA,07.028.603/0001-40,MATERIAL/INSUMO,40.76,07028603000140,sim
PROFORMULA QUIMIOTERAPICA LTDA,07.028.603/0001-40,MATERIAL/INSUMO,40.77,07028603000140,sim
PROFORMULA QUIMIOTERAPICA LTDA,07.028.603/0001-40,MATERIAL/INSUMO,45.38,07028603000140,sim
PROFORMULA QUIMIOTERAPICA LTDA,07.028.603/0001-40,MATERIAL/INSUMO,45.61,07028603000140,sim
PROFORMULA QUIMIOTERAPICA LTDA,07.028.603/0001-40,MATERIAL/INSUMO,45.62,07028603000140,sim
PROFORMULA QUIMIOTERAPICA LTDA,07.028.603/0001-40,MATERIAL/INSUMO,45.63,07028603000140,sim
PROFORMULA QUIMIOTERAPICA LTDA,07.028.603/0001-40,MATERIAL/INSUMO,45.66,07028603000140,sim
PROFORMULA QUIMIOTERAPICA LTDA,07.028.603/0001-40,MATERIAL/INSUMO,45.67,07028603000140,sim
PROFORMULA QUIMIOTERAPICA LTDA,07.028.603/0001-40,MATERIAL/INSUMO,49.46,07028603000140,sim
PROFORMULA QUIMIOTERAPICA LTDA,07.028.603/0001-40,MATERIAL/INSUMO,50.62,07028603000140,sim
PROFORMULA QUIMIOTERAPICA LTDA,07.028.603/0001-40,MATERIAL/INSUMO,50.68,07028603000140,sim
PROFORMULA QUIMIOTERAPICA LTDA,07.028.603/0001-40,MATERIAL/INSUMO,170.5,07028603000140,sim
PROFORMULA QUIMIOTERAPICA LTDA,07.028.603/0001-40,MATERIAL/INSUMO,41.52,07028603000140,sim
PROFORMULA QUIMIOTERAPICA LTDA,07.028.603/0001-40,MATERIAL/INSUMO,41.52,07028603000140,sim
PROFORMULA QUIMIOTERAPICA LTDA,07.028.603/0001-40,MATERIAL/INSUMO,41.52,07028603000140,sim
PROFORMULA QUIMIOTERAPICA LTDA,07.028.603/0001-40,MATERIAL/INSUMO,41.52,07028603000140,sim
PROFORMULA QUIMIOTERAPICA LTDA,07.028.603/0001-40,MATERIAL/INSUMO,227.25,07028603000140,sim
PROFORMULA QUIMIOTERAPICA LTDA,07.028.603/0001-40,MATERIAL/INSUMO,42.7,07028603000140,sim
PROFORMULA QUIMIOTERAPICA LTDA,07.028.603/0001-40,MATERIAL/INSUMO,42.71,07028603000140,sim
PROFORMULA QUIMIOTERAPICA LTDA,07.028.603/0001-40,MATERIAL/INSUMO,43.02,07028603000140,sim
PROFORMULA QUIMIOTERAPICA LTDA,07.028.603/0001-40,MATERIAL/INSUMO,44.82,07028603000140,sim
PROFORMULA QUIMIOTERAPICA LTDA,07.028.603/0001-40,MATERIAL/INSUMO,152.75,07028603000140,sim
PROFORMULA QUIMIOTERAPICA LTDA,07.028.603/0001-40,MATERIAL/INSUMO,227.25,07028603000140,sim
PROFORMULA QUIMIOTERAPICA LTDA,07.028.603/0001-40,MATERIAL/INSUMO,227.25,07028603000140,sim
PROFORMULA QUIMIOTERAPICA LTDA,07.028.603/0001-40,MATERIAL/INSUMO,227.25,07028603000140,sim
PROFORMULA QUIMIOTERAPICA LTDA,07.028.603/0001-40,MATERIAL/INSUMO,43.55,07028603000140,sim
PROFORMULA QUIMIOTERAPICA LTDA,07.028.603/0001-40,MATERIAL/INSUMO,43.56,07028603000140,sim
PROFORMULA QUIMIOTERAPICA LTDA,07.028.603/0001-40,MATERIAL/INSUMO,46.2,07028603000140,sim
PROFORMULA QUIMIOTERAPICA LTDA,07.028.603/0001-40,MATERIAL/INSUMO,46.29,07028603000140,sim
PROFORMULA QUIMIOTERAPICA LTDA,07.028.603/0001-40,MATERIAL/INSUMO,46.32,07028603000140,sim
PROFORMULA QUIMIOTERAPICA LTDA,07.028.603/0001-40,MATERIAL/INSUMO,46.34,07028603000140,sim
PROFORMULA QUIMIOTERAPICA LTDA,07.028.603/0001-40,MATERIAL/INSUMO,220.25,07028603000140,sim
PROFORMULA QUIMIOTERAPICA LTDA,07.028.603/0001-40,MATERIAL/INSUMO,220.25,07028603000140,sim
PROFORMULA QUIMIOTERAPICA LTDA,07.028.603/0001-40,MATERIAL/INSUMO,43.55,07028603000140,sim
PROFORMULA QUIMIOTERAPICA LTDA,07.028.603/0001-40,MATERIAL/INSUMO,43.58,07028603000140,sim
PROFORMULA QUIMIOTERAPICA LTDA,07.028.603/0001-40,MATERIAL/INSUMO,43.59,07028603000140,sim
PROFORMULA QUIMIOTERAPICA LTDA,07.028.603/0001-40,MATERIAL/INSUMO,45.05,07028603000140,sim
PROFORMULA QUIMIOTERAPICA LTDA,07.028.603/0001-40,MATERIAL/INSUMO,40.99,07028603000140,sim
PROFORMULA QUIMIOTERAPICA LTDA,07.028.603/0001-40,MATERIAL/INSUMO,43.58,07028603000140,sim
PROFORMULA QUIMIOTERAPICA LTDA,07.028.603/0001-40,MATERIAL/INSUMO,43.8,07028603000140,sim
PROFORMULA QUIMIOTERAPICA LTDA,07.028.603/0001-40,MATERIAL/INSUMO,50.56,07028603000140,sim
PROFORMULA QUIMIOTERAPICA LTDA,07.028.603/0001-40,MATERIAL/INSUMO,151.5,07028603000140,sim
PROFORMULA QUIMIOTERAPICA LTDA,07.028.603/0001-40,MATERIAL/INSUMO,274.35,07028603000140,sim
PROFORMULA QUIMIOTERAPICA LTDA,07.028.603/0001-40,MATERIAL/INSUMO,274.35,07028603000140,sim
PROFORMULA QUIMIOTERAPICA LTDA,07.028.603/0001-40,MATERIAL/INSUMO,41.32,07028603000140,sim
PROFORMULA QUIMIOTERAPICA LTDA,07.028.603/0001-40,MATERIAL/INSUMO,41.98,07028603000140,sim
PROFORMULA QUIMIOTERAPICA LTDA,07.028.603/0001-40,MATERIAL/INSUMO,41.98,07028603000140,sim
PROFORMULA QUIMIOTERAPICA LTDA,07.028.603/0001-40,MATERIAL/INSUMO,42.09,07028603000140,sim
PROFORMULA QUIMIOTERAPICA LTDA,07.028.603/0001-40,MATERIAL/INSUMO,47.64,07028603000140,sim
PROFORMULA QUIMIOTERAPICA LTDA,07.028.603/0001-40,MATERIAL/INSUMO,52.12,07028603000140,sim
PROFORMULA QUIMIOTERAPICA LTDA,07.028.603/0001-40,MATERIAL/INSUMO,52.12,07028603000140,sim
PROFORMULA QUIMIOTERAPICA LTDA,07.028.603/0001-40,MATERIAL/INSUMO,52.12,07028603000140,sim
PROFORMULA QUIMIOTERAPICA LTDA,07.028.603/0001-40,MATERIAL/INSUMO,207.35,07028603000140,sim
PROFORMULA QUIMIOTERAPICA LTDA,07.028.603/0001-40,MATERIAL/INSUMO,330.1,07028603000140,sim
PROFORMULA QUIMIOTERAPICA LTDA,07.028.603/0001-40,MATERIAL/INSUMO,330.1,07028603000140,sim
PROFORMULA QUIMIOTERAPICA LTDA,07.028.603/0001-40,MATERIAL/INSUMO,42.64,07028603000140,sim
PROFORMULA QUIMIOTERAPICA LTDA,07.028.603/0001-40,MATERIAL/INSUMO,45.39,07028603000140,sim
PROFORMULA QUIMIOTERAPICA LTDA,07.028.603/0001-40,MATERIAL/INSUMO,47.92,07028603000140,sim
PROFORMULA QUIMIOTERAPICA LTDA,07.028.603/0001-40,MATERIAL/INSUMO,48.71,07028603000140,sim
PROFORMULA QUIMIOTERAPICA LTDA,07.028.603/0001-40,MATERIAL/INSUMO,51.18,07028603000140,sim
PROFORMULA QUIMIOTERAPICA LTDA,07.028.603/0001-40,MATERIAL/INSUMO,51.36,07028603000140,sim
PROFORMULA QUIMIOTERAPICA LTDA,07.028.603/0001-40,MATERIAL/INSUMO,52.22,07028603000140,sim
PROFORMULA QUIMIOTERAPICA LTDA,07.028.603/0001-40,MATERIAL/INSUMO,53.87,07028603000140,sim
PROFORMULA QUIMIOTERAPICA LTDA,07.028.603/0001-40,MATERIAL/INSUMO,54.13,07028603000140,sim
PROFORMULA QUIMIOTERAPICA LTDA,07.028.603/0001-40,MATERIAL/INSUMO,54.72,07028603000140,sim
PROFORMULA QUIMIOTERAPICA LTDA,07.028.603/0001-40,MATERIAL/INSUMO,54.72,07028603000140,sim
PROFORMULA QUIMIOTERAPICA LTDA,07.028.603/0001-40,MATERIAL/INSUMO,194.13,07028603000140,sim
PROFORMULA QUIMIOTERAPICA LTDA,07.028.603/0001-40,MATERIAL/INSUMO,330.1,07028603000140,sim
PROFORMULA QUIMIOTERAPICA LTDA,07.028.603/0001-40,MATERIAL/INSUMO,50.1,07028603000140,sim
PROFORMULA QUIMIOTERAPICA LTDA,07.028.603/0001-40,MATERIAL/INSUMO,53.14,07028603000140,sim
PROFORMULA QUIMIOTERAPICA LTDA,07.028.603/0001-40,MATERIAL/INSUMO,54.05,07028603000140,sim
PROFORMULA QUIMIOTERAPICA LTDA,07.028.603/0001-40,MATERIAL/INSUMO,45.11,07028603000140,sim
PROFORMULA QUIMIOTERAPICA LTDA,07.028.603/0001-40,MATERIAL/INSUMO,45.46,07028603000140,sim
PROFORMULA QUIMIOTERAPICA LTDA,07.028.603/0001-40,MATERIAL/INSUMO,45.4,07028603000140,sim
PROMEDICAL EQUIPAMENTOS MEDICOS LTDA,10.829.779/0001-06,MATERIAL/INSUMO,6196.0,10829779000106,sim
"PROTEC EXPORT IND, COM, IMP E EXP DE EQUIP MÉDICOS",06.207.441/0001-45,MATERIAL/INSUMO,1320.5,06207441000145,sim
PULIRE COMERCIAL LTDA,65.791.089/0001-05,MATERIAL/INSUMO,6763.9,65791089000105,sim
PULIRE COMERCIAL LTDA,65.791.089/0001-05,MATERIAL/INSUMO,1090.0,65791089000105,sim
R & L SERVIÇOS MÉDICOS S/S,27.057.787/0001-84,SERVS MED. PJ/ASSIST;/SADTS,2617.35,27057787000184,sim
R & R MÉDICOS ASSOCIADOS,57.711.541/0001-45,SERVS MED. PJ/ASSIST;/SADTS,2440.1,57711541000145,sim
R.P. COMERCIO DE MATERIAIS HOSPITALARES,11.396.649/0001-90,MATERIAL/INSUMO,819.72,11396649000190,sim
R.P. COMERCIO DE MATERIAIS HOSPITALARES,11.396.649/0001-90,MATERIAL/INSUMO,1806.0,11396649000190,sim
RB SERVICOS EMPRESARIAIS LTDA,04.124.182/0001-63,TRANSPORTE,82478.7,04124182000163,sim
REBOLHO MORAES MONTENEGRO E RIBAS PRESTACAO DE SERVICOS MEDI,20.191.894/0001-51,SERVS MED. PJ/ASSIST;/SADTS,13983.6,20191894000151,sim
RECOM - REPRES. SERV. DE INF. LTDA,53.797.932/0001-73,MATERIAL/INSUMO,4663.9,53797932000173,sim
RECOM - REPRES. SERV. DE INF. LTDA,53.797.932/0001-73,MATERIAL/INSUMO,278.3,53797932000173,sim
REPRATA AMBIENTAL LTDA EPP,67.297.739/0001-88,GERAIS,386.8,67297739000188,sim
RIBEIRO E LIMA SERVICOS MEDICOS LTDA,34.290.539/0001-44,SERVS MED. PJ/ASSIST;/SADTS,2617.35,34290539000144,sim
ROBERTO EDUARDO DONOSO RIVERO,00.023.772/8798-02,SERVS MED. PJ/ASSIST;/SADTS,2893.34,00023772879802,nao
ROYAL MED COMÉRCIO DE PRODUTOS MÉDICOS LTDA,09.436.986/0001-11,MATERIAL/INSUMO,1674.6,09436986000111,sim
ROYAL MED COMÉRCIO DE PRODUTOS MÉDICOS LTDA,09.436.986/0001-11,MATERIAL/INSUMO,2486.0,09436986000111,sim
RSZ SERVICOS MEDICOS LTDA,33.472.765/0001-83,SERVS MED. PJ/ASSIST;/SADTS,2617.35,33472765000183,sim
RW MEDICAL COMERCIO DE PRODUTOS HOSPITALARES LTDA -,12.750.437/0001-21,MATERIAL/INSUMO,1800.0,12750437000121,sim
RW MEDICAL COMERCIO DE PRODUTOS HOSPITALARES LTDA -,12.750.437/0001-21,MATERIAL/INSUMO,148.4,12750437000121,sim
RW MEDICAL COMERCIO DE PRODUTOS HOSPITALARES LTDA -,12.750.437/0001-21,MATERIAL/INSUMO,176.11,12750437000121,sim
RW MEDICAL COMERCIO DE PRODUTOS HOSPITALARES LTDA -,12.750.437/0001-21,MATERIAL/INSUMO,183.81,12750437000121,sim
RW MEDICAL COMERCIO DE PRODUTOS HOSPITALARES LTDA -,12.750.437/0001-21,MATERIAL/INSUMO,355.19,12750437000121,sim
RW MEDICAL COMERCIO DE PRODUTOS HOSPITALARES LTDA -,12.750.437/0001-21,MATERIAL/INSUMO,367.62,12750437000121,sim
RW MEDICAL COMERCIO DE PRODUTOS HOSPITALARES LTDA -,12.750.437/0001-21,MATERIAL/INSUMO,666.5,12750437000121,sim
RW MEDICAL COMERCIO DE PRODUTOS HOSPITALARES LTDA -,12.750.437/0001-21,MATERIAL/INSUMO,1176.39,12750437000121,sim
RW MEDICAL COMERCIO DE PRODUTOS HOSPITALARES LTDA -,12.750.437/0001-21,MATERIAL/INSUMO,1241.78,12750437000121,sim
RW MEDICAL COMERCIO DE PRODUTOS HOSPITALARES LTDA -,12.750.437/0001-21,MATERIAL/INSUMO,1276.39,12750437000121,sim
RW MEDICAL COMERCIO DE PRODUTOS HOSPITALARES LTDA -,12.750.437/0001-21,MATERIAL/INSUMO,183.81,12750437000121,sim
RW MEDICAL COMERCIO DE PRODUTOS HOSPITALARES LTDA -,12.750.437/0001-21,MATERIAL/INSUMO,916.47,12750437000121,sim
RW MEDICAL COMERCIO DE PRODUTOS HOSPITALARES LTDA -,12.750.437/0001-21,MATERIAL/INSUMO,474.63,12750437000121,sim
RW MEDICAL COMERCIO DE PRODUTOS HOSPITALARES LTDA -,12.750.437/0001-21,MATERIAL/INSUMO,36.12,12750437000121,sim
RW MEDICAL COMERCIO DE PRODUTOS HOSPITALARES LTDA -,12.750.437/0001-21,MATERIAL/INSUMO,279.71,12750437000121,sim
RW MEDICAL COMERCIO DE PRODUTOS HOSPITALARES LTDA -,12.750.437/0001-21,MATERIAL/INSUMO,379.23,12750437000121,sim
RW MEDICAL COMERCIO DE PRODUTOS HOSPITALARES LTDA -,12.750.437/0001-21,MATERIAL/INSUMO,150.29,12750437000121,sim
RW MEDICAL COMERCIO DE PRODUTOS HOSPITALARES LTDA -,12.750.437/0001-21,MATERIAL/INSUMO,900.0,12750437000121,sim
RW MEDICAL COMERCIO DE PRODUTOS HOSPITALARES LTDA -,12.750.437/0001-21,MATERIAL/INSUMO,1638.36,12750437000121,sim
RW MEDICAL COMERCIO DE PRODUTOS HOSPITALARES LTDA -,12.750.437/0001-21,MATERIAL/INSUMO,107.11,12750437000121,sim
RW MEDICAL COMERCIO DE PRODUTOS HOSPITALARES LTDA -,12.750.437/0001-21,MATERIAL/INSUMO,539.0,12750437000121,sim
RW MEDICAL COMERCIO DE PRODUTOS HOSPITALARES LTDA -,12.750.437/0001-21,MATERIAL/INSUMO,532.68,12750437000121,sim
RW MEDICAL COMERCIO DE PRODUTOS HOSPITALARES LTDA -,12.750.437/0001-21,MATERIAL/INSUMO,199.15,12750437000121,sim
RW MEDICAL COMERCIO DE PRODUTOS HOSPITALARES LTDA -,12.750.437/0001-21,MATERIAL/INSUMO,1017.13,12750437000121,sim
RW MEDICAL COMERCIO DE PRODUTOS HOSPITALARES LTDA -,12.750.437/0001-21,MATERIAL/INSUMO,1376.39,12750437000121,sim
RW MEDICAL COMERCIO DE PRODUTOS HOSPITALARES LTDA -,12.750.437/0001-21,MATERIAL/INSUMO,76.7,12750437000121,sim
RW MEDICAL COMERCIO DE PRODUTOS HOSPITALARES LTDA -,12.750.437/0001-21,MATERIAL/INSUMO,43.05,12750437000121,sim
RW MEDICAL COMERCIO DE PRODUTOS HOSPITALARES LTDA -,12.750.437/0001-21,MATERIAL/INSUMO,296.8,12750437000121,sim
RW MEDICAL COMERCIO DE PRODUTOS HOSPITALARES LTDA -,12.750.437/0001-21,MATERIAL/INSUMO,319.04,12750437000121,sim
RW MEDICAL COMERCIO DE PRODUTOS HOSPITALARES LTDA -,12.750.437/0001-21,MATERIAL/INSUMO,247.38,12750437000121,sim
RW MEDICAL COMERCIO DE PRODUTOS HOSPITALARES LTDA -,12.750.437/0001-21,MATERIAL/INSUMO,428.71,12750437000121,sim
RW MEDICAL COMERCIO DE PRODUTOS HOSPITALARES LTDA -,12.750.437/0001-21,MATERIAL/INSUMO,470.0,12750437000121,sim
RW MEDICAL COMERCIO DE PRODUTOS HOSPITALARES LTDA -,12.750.437/0001-21,MATERIAL/INSUMO,520.7,12750437000121,sim
RW MEDICAL COMERCIO DE PRODUTOS HOSPITALARES LTDA -,12.750.437/0001-21,MATERIAL/INSUMO,575.96,12750437000121,sim
RW MEDICAL COMERCIO DE PRODUTOS HOSPITALARES LTDA -,12.750.437/0001-21,MATERIAL/INSUMO,880.0,12750437000121,sim
RW MEDICAL COMERCIO DE PRODUTOS HOSPITALARES LTDA -,12.750.437/0001-21,MATERIAL/INSUMO,900.0,12750437000121,sim
RW MEDICAL COMERCIO DE PRODUTOS HOSPITALARES LTDA -,12.750.437/0001-21,MATERIAL/INSUMO,2352.78,12750437000121,sim
RW MEDICAL COMERCIO DE PRODUTOS HOSPITALARES LTDA -,12.750.437/0001-21,MATERIAL/INSUMO,1021.06,12750437000121,sim
RW MEDICAL COMERCIO DE PRODUTOS HOSPITALARES LTDA -,12.750.437/0001-21,MATERIAL/INSUMO,47.67,12750437000121,sim
RW MEDICAL COMERCIO DE PRODUTOS HOSPITALARES LTDA -,12.750.437/0001-21,MATERIAL/INSUMO,148.4,12750437000121,sim
RW MEDICAL COMERCIO DE PRODUTOS HOSPITALARES LTDA -,12.750.437/0001-21,MATERIAL/INSUMO,148.4,12750437000121,sim
RW MEDICAL COMERCIO DE PRODUTOS HOSPITALARES LTDA -,12.750.437/0001-21,MATERIAL/INSUMO,179.08,12750437000121,sim
RW MEDICAL COMERCIO DE PRODUTOS HOSPITALARES LTDA -,12.750.437/0001-21,MATERIAL/INSUMO,279.71,12750437000121,sim
RW MEDICAL COMERCIO DE PRODUTOS HOSPITALARES LTDA -,12.750.437/0001-21,MATERIAL/INSUMO,303.74,12750437000121,sim
RW MEDICAL COMERCIO DE PRODUTOS HOSPITALARES LTDA -,12.750.437/0001-21,MATERIAL/INSUMO,412.22,12750437000121,sim
RW MEDICAL COMERCIO DE PRODUTOS HOSPITALARES LTDA -,12.750.437/0001-21,MATERIAL/INSUMO,1178.36,12750437000121,sim
RW MEDICAL COMERCIO DE PRODUTOS HOSPITALARES LTDA -,12.750.437/0001-21,MATERIAL/INSUMO,940.0,12750437000121,sim
RW MEDICAL COMERCIO DE PRODUTOS HOSPITALARES LTDA -,12.750.437/0001-21,MATERIAL/INSUMO,450.0,12750437000121,sim
RW MEDICAL COMERCIO DE PRODUTOS HOSPITALARES LTDA -,12.750.437/0001-21,MATERIAL/INSUMO,1191.73,12750437000121,sim
RW MEDICAL COMERCIO DE PRODUTOS HOSPITALARES LTDA -,12.750.437/0001-21,MATERIAL/INSUMO,183.81,12750437000121,sim
RW MEDICAL COMERCIO DE PRODUTOS HOSPITALARES LTDA -,12.750.437/0001-21,MATERIAL/INSUMO,778.37,12750437000121,sim
RW MEDICAL COMERCIO DE PRODUTOS HOSPITALARES LTDA -,12.750.437/0001-21,MATERIAL/INSUMO,995.89,12750437000121,sim
RW MEDICAL COMERCIO DE PRODUTOS HOSPITALARES LTDA -,12.750.437/0001-21,MATERIAL/INSUMO,1990.0,12750437000121,sim
RW MEDICAL COMERCIO DE PRODUTOS HOSPITALARES LTDA -,12.750.437/0001-21,MATERIAL/INSUMO,148.4,12750437000121,sim
RW MEDICAL COMERCIO DE PRODUTOS HOSPITALARES LTDA -,12.750.437/0001-21,MATERIAL/INSUMO,199.15,12750437000121,sim
RW MEDICAL COMERCIO DE PRODUTOS HOSPITALARES LTDA -,12.750.437/0001-21,MATERIAL/INSUMO,315.24,12750437000121,sim
RW MEDICAL COMERCIO DE PRODUTOS HOSPITALARES LTDA -,12.750.437/0001-21,MATERIAL/INSUMO,395.73,12750437000121,sim
RW MEDICAL COMERCIO DE PRODUTOS HOSPITALARES LTDA -,12.750.437/0001-21,MATERIAL/INSUMO,625.9,12750437000121,sim
RW MEDICAL COMERCIO DE PRODUTOS HOSPITALARES LTDA -,12.750.437/0001-21,MATERIAL/INSUMO,699.38,12750437000121,sim
RW MEDICAL COMERCIO DE PRODUTOS HOSPITALARES LTDA -,12.750.437/0001-21,MATERIAL/INSUMO,880.0,12750437000121,sim
RW MEDICAL COMERCIO DE PRODUTOS HOSPITALARES LTDA -,12.750.437/0001-21,MATERIAL/INSUMO,1055.89,12750437000121,sim
RW MEDICAL COMERCIO DE PRODUTOS HOSPITALARES LTDA -,12.750.437/0001-21,MATERIAL/INSUMO,1085.89,12750437000121,sim
RW MEDICAL COMERCIO DE PRODUTOS HOSPITALARES LTDA -,12.750.437/0001-21,MATERIAL/INSUMO,1590.0,12750437000121,sim
RW MEDICAL COMERCIO DE PRODUTOS HOSPITALARES LTDA -,12.750.437/0001-21,MATERIAL/INSUMO,1631.66,12750437000121,sim
RW MEDICAL COMERCIO DE PRODUTOS HOSPITALARES LTDA -,12.750.437/0001-21,MATERIAL/INSUMO,895.89,12750437000121,sim
RW MEDICAL COMERCIO DE PRODUTOS HOSPITALARES LTDA -,12.750.437/0001-21,MATERIAL/INSUMO,149.08,12750437000121,sim
RW MEDICAL COMERCIO DE PRODUTOS HOSPITALARES LTDA -,12.750.437/0001-21,MATERIAL/INSUMO,880.0,12750437000121,sim
RW MEDICAL COMERCIO DE PRODUTOS HOSPITALARES LTDA -,12.750.437/0001-21,MATERIAL/INSUMO,900.0,12750437000121,sim
RW MEDICAL COMERCIO DE PRODUTOS HOSPITALARES LTDA -,12.750.437/0001-21,MATERIAL/INSUMO,925.89,12750437000121,sim
RW MEDICAL COMERCIO DE PRODUTOS HOSPITALARES LTDA -,12.750.437/0001-21,MATERIAL/INSUMO,1025.89,12750437000121,sim
RW MEDICAL COMERCIO DE PRODUTOS HOSPITALARES LTDA -,12.750.437/0001-21,MATERIAL/INSUMO,1040.0,12750437000121,sim
RW MEDICAL COMERCIO DE PRODUTOS HOSPITALARES LTDA -,12.750.437/0001-21,MATERIAL/INSUMO,459.34,12750437000121,sim
RW MEDICAL COMERCIO DE PRODUTOS HOSPITALARES LTDA -,12.750.437/0001-21,MATERIAL/INSUMO,575.91,12750437000121,sim
RW MEDICAL COMERCIO DE PRODUTOS HOSPITALARES LTDA -,12.750.437/0001-21,MATERIAL/INSUMO,900.0,12750437000121,sim
RW MEDICAL COMERCIO DE PRODUTOS HOSPITALARES LTDA -,12.750.437/0001-21,MATERIAL/INSUMO,199.15,12750437000121,sim
RW MEDICAL COMERCIO DE PRODUTOS HOSPITALARES LTDA -,12.750.437/0001-21,MATERIAL/INSUMO,296.13,12750437000121,sim
RW MEDICAL COMERCIO DE PRODUTOS HOSPITALARES LTDA -,12.750.437/0001-21,MATERIAL/INSUMO,430.0,12750437000121,sim
RW MEDICAL COMERCIO DE PRODUTOS HOSPITALARES LTDA -,12.750.437/0001-21,MATERIAL/INSUMO,430.05,12750437000121,sim
RW MEDICAL COMERCIO DE PRODUTOS HOSPITALARES LTDA -,12.750.437/0001-21,MATERIAL/INSUMO,459.3,12750437000121,sim
SANMEDICAL MANUTENÇÃO DE EQUIPAMENTOS LTDA,20.530.834/0001-16,GERAIS,21000.0,20530834000116,sim
SAUDE CORRADI MED. ESP. LTDA,10.504.741/0001-63,SERVS MED. PJ/ASSIST;/SADTS,24744.86,10504741000163,sim
SAUDE CORRADI MED. ESP. LTDA,10.504.741/0001-63,SERVS MED. PJ/ASSIST;/SADTS,29257.73,10504741000163,sim
SAUSMIKAT & MEDEIROS SERVICOS MEDICOS LTDA,35.647.124/0001-48,SERVS MED. PJ/ASSIST;/SADTS,11251.55,35647124000148,sim
SCANSOURCE BRASIL DISTRIBUIDORA DE TECNO,05.607.657/0010-26,IMOBILIZADO,2419.79,05607657001026,sim
SCANSOURCE BRASIL DISTRIBUIDORA DE TECNO,05.607.657/0010-26,IMOBILIZADO,1508.98,05607657001026,sim
SDMO ENERGIA INDUSTRIA E COMERCIO DE MAQUINAS LTDA,05.198.319/0019-16,GERAIS,650.17,05198319001916,sim
SECRETARIA DA FAZENDA ESTADO DE S PAULO,46.377.222/0001-29,GERAIS,24.0,46377222000129,nao
SECRETARIA DA FAZENDA ESTADO DE S PAULO,46.377.222/0001-29,GERAIS,8.94,46377222000129,nao
SEGATO ASSOCIADOS - CONTABILIDADE S/S LTDA,24.771.238/0001-89,CONSULTORIA,11500.0,24771238000189,sim
SENIOR SISTEMAS S.A.,80.680.093/0001-81,GERAIS,5637.3,80680093000181,sim
SEROPLAST IND E COM DE PROD. HOSPITALARES LTDA-ME,23.596.733/0001-36,MATERIAL/INSUMO,2210.0,23596733000136,sim
SEROPLAST IND E COM DE PROD. HOSPITALARES LTDA-ME,23.596.733/0001-36,MATERIAL/INSUMO,1633.6,23596733000136,sim
SERVIMED COMERCIAL LTDA,44.463.156/0001-84,MATERIAL/INSUMO,314.2,44463156000184,sim
SERVIMED COMERCIAL LTDA,44.463.156/0001-84,MATERIAL/INSUMO,238.36,44463156000184,sim
SERVIMED COMERCIAL LTDA,44.463.156/0001-84,MATERIAL/INSUMO,561.6,44463156000184,sim
SIBERIANO COMERCIO DE PECAS DE REFRIGERACAO EIRELI,21.878.050/0001-46,MATERIAL/INSUMO,6563.0,21878050000146,sim
SIGVARIS DO BRASIL INDÚSTRIA E COMÉRCIO LTDA,46.144.622/0001-94,MATERIAL/INSUMO,1540.0,46144622000194,sim
SIGVARIS DO BRASIL INDÚSTRIA E COMÉRCIO LTDA,46.144.622/0001-94,MATERIAL/INSUMO,2541.5,46144622000194,sim
SIGVARIS DO BRASIL INDÚSTRIA E COMÉRCIO LTDA,46.144.622/0001-94,MATERIAL/INSUMO,1694.33,46144622000194,sim
SODEXOPASS DO BRASIL SERVIÇOS E COMÉRCIO LTDA.,69.034.668/0001-56,BENEFICIOS,1950.0,69034668000156,sim
SODROGAS DIST MEDIC MAT MED HOSP LTDA,09.615.457/0001-85,MATERIAL/INSUMO,656.64,09615457000185,sim
SOELY MARIA ARAUJO DE MORAES,00.060.245/5843-07,SERVS MED. PJ/ASSIST;/SADTS,2893.34,00060245584307,nao
SOGAMAX DISTRIBUIDORA DE PRODUTOS FARMACEUTICOS LTDA,00.857.492/0001-36,MATERIAL/INSUMO,27201.89,00857492000136,sim
SOMA/MG PRODUTOS HOSPITALARES LTDA.,12.927.876/0001-67,MATERIAL/INSUMO,2106.0,12927876000167,sim
SOMA/MG PRODUTOS HOSPITALARES LTDA.,12.927.876/0001-67,MATERIAL/INSUMO,1863.1,12927876000167,sim
SOMA/MG PRODUTOS HOSPITALARES LTDA.,12.927.876/0001-67,MATERIAL/INSUMO,2106.0,12927876000167,sim
SOMA/SP PRODUTOS HOSPITALARES LTDA,05.847.630/0001-10,MATERIAL/INSUMO,2915.44,05847630000110,sim
SOMA/SP PRODUTOS HOSPITALARES LTDA,05.847.630/0001-10,MATERIAL/INSUMO,1341.0,05847630000110,sim
SOMA/SP PRODUTOS HOSPITALARES LTDA,05.847.630/0001-10,MATERIAL/INSUMO,3004.84,05847630000110,sim
SS SAUDE E MANUTENCAO DE EQUIPAMENTOS ELETRO ELETRONICOS LTD,11.001.437/0001-66,CONSULTORIA,82588.0,11001437000166,sim
STAREX REMOÇÕES E SERVIÇOS MEDICOS LTDA. - ME,10.718.875/0001-87,GERAIS,7026.04,10718875000187,sim
STEFANY JULIA MESQUITA DO EGITO,00.001.192/4642-22,SERVS MED. PJ/ASSIST;/SADTS,2893.34,00001192464222,nao
STERILEX CIENTIFICA LTDA,03.541.994/0001-41,MATERIAL/INSUMO,1605.75,03541994000141,sim
STERILEX CIENTIFICA LTDA,03.541.994/0001-41,MATERIAL/INSUMO,1081.7,03541994000141,sim
STERILEX CIENTIFICA LTDA,03.541.994/0001-41,MATERIAL/INSUMO,3173.85,03541994000141,sim
SULMEDIC COMERCIO DE MEDICAMENTOS LTDA.,09.944.371/0001-04,MATERIAL/INSUMO,4194.3,09944371000104,sim
SUNNY WER IND E COM DE CONFECÇÕES LTDA,02.391.476/0001-26,MATERIAL/INSUMO,180.0,02391476000126,sim
SUNNY WER IND E COM DE CONFECÇÕES LTDA,02.391.476/0001-26,MATERIAL/INSUMO,348.0,02391476000126,sim
SUNNY WER IND E COM DE CONFECÇÕES LTDA,02.391.476/0001-26,MATERIAL/INSUMO,364.0,02391476000126,sim
SUNNY WER IND E COM DE CONFECÇÕES LTDA,02.391.476/0001-26,MATERIAL/INSUMO,364.0,02391476000126,sim
SUNNY WER IND E COM DE CONFECÇÕES LTDA,02.391.476/0001-26,MATERIAL/INSUMO,364.0,02391476000126,sim
SUNNY WER IND E COM DE CONFECÇÕES LTDA,02.391.476/0001-26,MATERIAL/INSUMO,586.67,02391476000126,sim
SUNNY WER IND E COM DE CONFECÇÕES LTDA,02.391.476/0001-26,MATERIAL/INSUMO,795.6,02391476000126,sim
SUNNY WER IND E COM DE CONFECÇÕES LTDA,02.391.476/0001-26,MATERIAL/INSUMO,1316.67,02391476000126,sim
SUNNY WER IND E COM DE CONFECÇÕES LTDA,02.391.476/0001-26,MATERIAL/INSUMO,4328.33,02391476000126,sim
SUPERA ALIMENTACAO E SERVICOS LTDA.,18.296.147/0001-36,MATERIAL/INSUMO,250.0,18296147000136,sim
SUPERA ALIMENTACAO E SERVICOS LTDA.,18.296.147/0001-36,MATERIAL/INSUMO,183114.2,18296147000136,sim
SUPERMED COM IMP DE PROD MED HOSPITA,11.206.099/0001-07,MATERIAL/INSUMO,121.55,11206099000107,sim
SUPERMED COM IMP DE PROD MED HOSPITA,11.206.099/0001-07,MATERIAL/INSUMO,918.8,11206099000107,sim
SUPERMED COM IMP DE PROD MED HOSPITA,11.206.099/0001-07,MATERIAL/INSUMO,381.68,11206099000107,sim
SUPERMED COMERCIO E IMPORTACAO DE PRODUTOS MEDICOS E HOSPITA,11.206.099/0004-41,MATERIAL/INSUMO,526.3,11206099000441,sim
SUPERMED COMERCIO E IMPORTACAO DE PRODUTOS MEDICOS E HOSPITA,11.206.099/0004-41,MATERIAL/INSUMO,690.68,11206099000441,sim
SUPERMED COMERCIO E IMPORTACAO DE PRODUTOS MEDICOS E HOSPITA,11.206.099/0004-41,MATERIAL/INSUMO,1237.02,11206099000441,sim
SUPERMED COMERCIO E IMPORTACAO DE PRODUTOS MEDICOS E HOSPITA,11.206.099/0004-41,MATERIAL/INSUMO,4542.24,11206099000441,sim
SUPERMED COMERCIO E IMPORTACAO DE PRODUTOS MEDICOS E HOSPITA,11.206.099/0004-41,MATERIAL/INSUMO,4860.0,11206099000441,sim
SUPERMED COMERCIO E IMPORTACAO DE PRODUTOS MEDICOS E HOSPITA,11.206.099/0004-41,MATERIAL/INSUMO,37.4,11206099000441,sim
SUPERMED COMERCIO E IMPORTACAO DE PRODUTOS MEDICOS E HOSPITA,11.206.099/0004-41,MATERIAL/INSUMO,3494.16,11206099000441,sim
SUPERMED COMERCIO E IMPORTACAO DE PRODUTOS MEDICOS E HOSPITA,11.206.099/0004-41,MATERIAL/INSUMO,2926.71,11206099000441,sim
SUPERMED COMERCIO E IMPORTACAO DE PRODUTOS MEDICOS E HOSPITA,11.206.099/0004-41,MATERIAL/INSUMO,486.36,11206099000441,sim
SUPERMED COMERCIO E IMPORTACAO DE PRODUTOS MEDICOS E HOSPITA,11.206.099/0004-41,MATERIAL/INSUMO,4965.48,11206099000441,sim
SUPERMED COMERCIO E IMPORTACAO DE PRODUTOS MEDICOS E HOSPITA,11.206.099/0004-41,MATERIAL/INSUMO,1117.96,11206099000441,sim
SUPERMED COMERCIO E IMPORTACAO DE PRODUTOS MEDICOS E HOSPITA,11.206.099/0004-41,MATERIAL/INSUMO,1308.0,11206099000441,sim
SUPERMED COMERCIO E IMPORTACAO DE PRODUTOS MEDICOS E HOSPITA,11.206.099/0004-41,MATERIAL/INSUMO,21.25,11206099000441,sim
SUPERMED COMERCIO E IMPORTACAO DE PRODUTOS MEDICOS E HOSPITA,11.206.099/0004-41,MATERIAL/INSUMO,794.64,11206099000441,sim
SWR MANUTENCAO DE PRODUTOS HOSPITALARES LTDA - ME,17.818.244/0001-89,GERAIS,2340.0,17818244000189,sim
TECBI SOFTWARE E SERVICOS EIRELI,20.772.384/0001-78,GERAIS,3284.75,20772384000178,sim
TECNO4 PRODUTOS HOSPITALARES LTDA EPP,04.124.669/0001-46,MATERIAL/INSUMO,714.0,04124669000146,sim
TECNO4 PRODUTOS HOSPITALARES LTDA EPP,04.124.669/0001-46,MATERIAL/INSUMO,405.0,04124669000146,sim
TELEFONICA BRASIL S/A.,02.558.157/0001-62,TELEFONE,1099.0,02558157000162,sim
TELEFONICA BRASIL S/A.,02.558.157/0001-62,TELEFONE,53.4,02558157000162,sim
TELEFONICA BRASIL S/A.,02.558.157/0001-62,TELEFONE,1867.93,02558157000162,sim
THAIS VANESSA ISHIOKA ARONE,00.035.035/1048-69,SERVS MED. PJ/ASSIST;/SADTS,577.03,00035035104869,nao
THYSSENKRUPP ELEVADORES S/A,90.347.840/0047-09,GERAIS,4310.26,90347840004709,sim
TIM S/A,02.421.421/0006-26,TELEFONE,165.35,02421421000626,sim
TIM S/A,02.421.421/0006-26,TELEFONE,1725.46,02421421000626,sim
TSSE SYSTEM COM. E SERV. DE SIST. ELETR. - EIRELI,35.558.245/0001-13,GERAIS,899.99,35558245000113,sim
TTS TECNO TROLLEY SYSTEM LTDA,03.685.129/0001-79,MATERIAL/INSUMO,3517.77,03685129000179,sim
TUERIS SERVICOS MEDICOS LTDA.,10.843.772/0001-49,SERVS MED. PJ/ASSIST;/SADTS,15005.5,10843772000149,sim
UGMMASTER SERVIÇOS MÉDICOS S/S,33.457.792/0001-87,SERVS MED. PJ/ASSIST;/SADTS,8436.05,33457792000187,sim
UNIMATIC COMERCIO DE ACESSORIOS INDUSTR,07.601.328/0001-02,GERAIS,2085.7,07601328000102,sim
UP MEDICAL COM.E MANUT. DE EQUIP. HOSPIT.LDTA-ME,26.724.482/0001-16,GERAIS,1750.0,26724482000116,sim
V2 SERVIÇOS MÉDICOS LTDA,33.512.844/0001-70,SERVS MED. PJ/ASSIST;/SADTS,5620.55,33512844000170,sim
VASQUEZ & GUZMAN SERVICOS MEDICOS LTDA,28.470.370/0001-01,SERVS MED. PJ/ASSIST;/SADTS,16882.5,28470370000101,sim
VCA MARCAS EQUIPAMENTOS DE PROTECAO EIRELI,29.666.422/0001-82,MATERIAL/INSUMO,1000.0,29666422000182,sim
VCA MARCAS EQUIPAMENTOS DE PROTECAO EIRELI,29.666.422/0001-82,MATERIAL/INSUMO,2000.0,29666422000182,sim
VERBENNA FARMACIA DE MANIPULAÇÃO LTDA,00.787.540/0001-67,MATERIAL/INSUMO,233.24,00787540000167,sim
VERBENNA FARMACIA DE MANIPULAÇÃO LTDA,00.787.540/0001-67,MATERIAL/INSUMO,206.2,00787540000167,sim
VERBENNA FARMACIA DE MANIPULAÇÃO LTDA,00.787.540/0001-67,MATERIAL/INSUMO,93.29,00787540000167,sim
VERBENNA FARMACIA DE MANIPULAÇÃO LTDA,00.787.540/0001-67,MATERIAL/INSUMO,681.37,00787540000167,sim
VICPACK COM. DE EMBALAGENS LTDA.,01.052.076/0001-23,MATERIAL/INSUMO,6716.0,01052076000123,sim
VIHEL SERVIÇOS MÉDICOS LTDA,11.830.678/0001-18,SERVS MED. PJ/ASSIST;/SADTS,4095.33,11830678000118,sim
VITI SERVICOS MEDICOS DE GINECOLOGIA OBSTETRICIA E MASTOLOGI,34.423.097/0001-67,SERVS MED. PJ/ASSIST;/SADTS,121807.5,34423097000167,sim
W ENERGY SOLUÇÕES P/ ECONOMIA DE ENERGIA E ÁGUA EIRELI- ME,14.313.492/0001-80,GERAIS,22125.6,14313492000180,sim
WAGNER MARTINS DE SOUZA 16615906830,36.001.330/0001-49,GERAIS,1939.55,36001330000149,nao
WERBRAN DISTRIBUIDORA DE MEDICAMENTOS LT,04.372.020/0001-44,MATERIAL/INSUMO,2033.42,04372020000144,sim
WHITE MARTINS GASES IND. LTDA,35.820.448/0098-69,MATERIAL/INSUMO,4558.78,35820448009869,sim
WHITE MARTINS GASES IND. LTDA,35.820.448/0098-69,MATERIAL/INSUMO,4558.78,35820448009869,sim
WHITE MARTINS GASES IND. LTDA,35.820.448/0098-69,MATERIAL/INSUMO,5652.95,35820448009869,sim
WHITE MARTINS GASES INDUSTRIAIS LTDA,35.820.448/0213-03,MATERIAL/INSUMO,580.0,35820448021303,sim
WHITE MARTINS GASES INDUSTRIAIS LTDA,35.820.448/0213-03,MATERIAL/INSUMO,4663.0,35820448021303,sim
WHITE MARTINS GASES INDUSTRIAIS LTDA,35.820.448/0213-03,MATERIAL/INSUMO,1337.27,35820448021303,sim
WHITE MARTINS GASES INDUSTRIAIS LTDA,35.820.448/0213-03,MATERIAL/INSUMO,1144.47,35820448021303,sim
WHITE MARTINS GASES INDUSTRIAIS LTDA,35.820.448/0213-03,MATERIAL/INSUMO,1770.79,35820448021303,sim
WHITE MARTINS GASES INDUSTRIAIS LTDA,35.820.448/0213-03,MATERIAL/INSUMO,111.0,35820448021303,sim
WHITE MARTINS GASES INDUSTRIAIS LTDA,35.820.448/0213-03,MATERIAL/INSUMO,853.63,35820448021303,sim
WHITE MARTINS GASES INDUSTRIAIS LTDA,35.820.448/0213-03,MATERIAL/INSUMO,177.2,35820448021303,sim
WHITE MARTINS GASES INDUSTRIAIS LTDA,35.820.448/0213-03,MATERIAL/INSUMO,1931.9,35820448021303,sim
WHITE MARTINS GASES INDUSTRIAIS LTDA,35.820.448/0213-03,MATERIAL/INSUMO,1189.27,35820448021303,sim
WHITE MARTINS GASES INDUSTRIAIS LTDA,35.820.448/0213-03,MATERIAL/INSUMO,296.0,35820448021303,sim
WHITE MARTINS GASES INDUSTRIAIS LTDA,35.820.448/0213-03,MATERIAL/INSUMO,1411.27,35820448021303,sim
WHITE MARTINS GASES INDUSTRIAIS LTDA,35.820.448/0213-03,MATERIAL/INSUMO,779.63,35820448021303,sim
WHITE MARTINS GASES INDUSTRIAIS LTDA,35.820.448/0213-03,MATERIAL/INSUMO,1955.79,35820448021303,sim
WHITE MARTINS GASES INDUSTRIAIS LTDA,35.820.448/0213-03,MATERIAL/INSUMO,265.8,35820448021303,sim
WHITE MARTINS GASES INDUSTRIAIS LTDA,35.820.448/0213-03,MATERIAL/INSUMO,1115.27,35820448021303,sim
WHITE MARTINS GASES INDUSTRIAIS LTDA,35.820.448/0213-03,MATERIAL/INSUMO,816.63,35820448021303,sim
WHITE MARTINS GASES INDUSTRIAIS LTDA,35.820.448/0213-03,MATERIAL/INSUMO,148.0,35820448021303,sim
WHITE MARTINS GASES INDUSTRIAIS LTDA,35.820.448/0213-03,MATERIAL/INSUMO,260.59,35820448021303,sim
WHITE MARTINS GASES INDUSTRIAIS LTDA,35.820.448/0213-03,MATERIAL/INSUMO,148.0,35820448021303,sim
WHITE MARTINS GASES INDUSTRIAIS LTDA,35.820.448/0213-03,MATERIAL/INSUMO,705.63,35820448021303,sim
WHITE MARTINS GASES INDUSTRIAIS LTDA,35.820.448/0213-03,MATERIAL/INSUMO,111.0,35820448021303,sim
