Beneficiário,Programa,Natureza,Convênio,Pago,Pagar,Base Referência,Sub-programa,ano
FUNDO - ADAMANTINA,Impositivas,Custeio,150.000,150.000,0,0,,2020
FUNDO - ADOLFO,Emendas,Custeio,180.000,180.000,0,0,,2020
FUNDO - AGUAI,Impositivas,Custeio,100.000,100.000,0,0,,2020
FUNDO - ÁGUAS DE SÃO PEDRO,Impositivas,Custeio,300.000,300.000,0,0,,2020
FUNDO - AGUDOS,Impositivas,Investimento,100.000,100.000,0,0,,2020
FUNDO - AGUDOS,Impositivas,Investimento,100.000,100.000,0,0,,2020
FUNDO - AGUDOS,Impositivas,Custeio,200.000,200.000,0,0,,2020
FUNDO - AGUDOS,Impositivas,Investimento,170.000,170.000,0,0,,2020
FUNDO - ALAMBARI,Emendas,Custeio,500.000,500.000,0,0,,2020
FUNDO - ALAMBARI,Impositivas,Investimento,130.000,130.000,0,0,,2020
PREFEITURA - ALTAIR,Emendas,Investimento,160.000,0,160.000,160.000,,2020
FUNDO - ALTINÓPOLIS,Impositivas,Custeio,100.000,100.000,0,0,,2020
FUNDO - ALTINÓPOLIS,Impositivas,Custeio,100.000,100.000,0,0,,2020
FUNDO - ALTO ALEGRE,Impositivas,Custeio,200.000,200.000,0,0,,2020
FUNDO - ALUMINIO,Impositivas,Investimento,130.000,130.000,0,0,,2020
FUNDO - ALUMINIO,Impositivas,Investimento,100.000,100.000,0,0,,2020
FUNDO - ALUMINIO,Impositivas,Investimento,150.000,150.000,0,0,,2020
FUNDO - ÁLVARES MACHADO,Impositivas,Custeio,100.000,100.000,0,0,,2020
FUNDO - AMERICANA,Impositivas,Investimento,500.000,500.000,0,0,,2020
FUNDO - AMERICANA,Impositivas,Custeio,100.000,100.000,0,0,,2020
FUNDO - AMERICANA,Impositivas,Investimento,100.000,100.000,0,0,,2020
FUNDO - AMERICANA,Impositivas,Custeio,150.000,150.000,0,0,,2020
FUNDO - AMERICANA,Impositivas,Custeio,500.000,500.000,0,0,,2020
FUNDO - AMÉRICO BRASILIENSE,Impositivas,Custeio,100.000,100.000,0,0,,2020
FUNDO - AMÉRICO BRASILIENSE,Impositivas,Investimento,200.000,200.000,0,0,,2020
FUNDO - AMÉRICO BRASILIENSE,Impositivas,Custeio,200.000,200.000,0,0,,2020
FUNDO - AMÉRICO DE CAMPOS,Impositivas,Custeio,100.000,100.000,0,0,,2020
FUNDO - AMÉRICO DE CAMPOS,Impositivas,Investimento,200.000,200.000,0,0,,2020
FUNDO - AMPARO,Impositivas,Investimento,100.000,100.000,0,0,,2020
PREFEITURA - AMPARO,Sustentáveis,Custeio,1.153.080,24.023,1.129.057,24.534,SUSTENTAVEIS - ESTRATEGICOS,2020
FUNDO - ANALANDIA,Impositivas,Custeio,100.000,100.000,0,0,,2020
FUNDO - ANALANDIA,Impositivas,Investimento,100.000,100.000,0,0,,2020
FUNDO - ANALANDIA,Impositivas,Custeio,100.000,100.000,0,0,,2020
FUNDO - ANDRADINA,Impositivas,Custeio,100.000,100.000,0,0,,2020
FUNDO - ANDRADINA,Impositivas,Investimento,100.000,100.000,0,0,,2020
FUNDO - ANDRADINA,Emendas,Custeio,150.000,150.000,0,0,,2020
FUNDO - ANDRADINA,Impositivas,Investimento,100.000,100.000,0,0,,2020
FUNDO - ANHUMAS,Impositivas,Investimento,150.000,150.000,0,0,,2020
FUNDO - APARECIDA,Impositivas,Investimento,100.000,100.000,0,0,,2020
SANTA CASA - APARECIDA D`OESTE,Emendas,Investimento,120.000,0,120.000,120.000,EQUIPAMENTO,2020
FUNDO - APIAÍ,Impositivas,Custeio,100.000,100.000,0,0,,2020
FUNDO - APIAÍ,Impositivas,Investimento,100.000,100.000,0,0,,2020
FUNDO - APIAÍ,Impositivas,Custeio,100.000,100.000,0,0,,2020
FUNDO - APIAÍ,Impositivas,Custeio,100.000,100.000,0,0,,2020
FUNDO - APIAÍ,Impositivas,Custeio,100.000,100.000,0,0,,2020
FUNDO - APIAÍ,Impositivas,Custeio,220.000,220.000,0,0,,2020
FUNDO - APIAÍ,Impositivas,Investimento,120.000,120.000,0,0,,2020
FUNDO - ARAÇARIGUAMA,Impositivas,Custeio,150.000,150.000,0,0,,2020
FUNDO - ARAÇARIGUAMA,Emendas,Custeio,200.000,200.000,0,0,,2020
APAE - ARAÇATUBA,Continuidade,Custeio,532.518,0,532.518,49.286,TEA,2020
FUNDO - ARAÇATUBA,Impositivas,Custeio,100.000,100.000,0,0,,2020
FUNDO - ARAÇATUBA,Emendas,Custeio,200.000,200.000,0,0,,2020
FUNDO - ARAÇOIABA DA SERRA,Impositivas,Investimento,130.000,130.000,0,0,,2020
FUNDO - ARAÇOIABA DA SERRA,Emendas,Custeio,100.000,100.000,0,0,,2020
FUNDO - ARAMINA,Impositivas,Investimento,100.000,100.000,0,0,,2020
FUNDO - ARANDU,Impositivas,Custeio,200.000,200.000,0,0,,2020
FUNDO - ARAPEI,Impositivas,Custeio,150.000,150.000,0,0,,2020
FUNDO - ARARAQUARA,Impositivas,Investimento,100.000,100.000,0,0,,2020
FUNDO - ARARAQUARA,Impositivas,Custeio,200.000,200.000,0,0,,2020
FUNDO - ARARAQUARA,Impositivas,Custeio,150.000,150.000,0,0,,2020
FUNDO - ARARAQUARA,Impositivas,Custeio,100.000,100.000,0,0,,2020
FUNDO - ARARAQUARA,Impositivas,Custeio,200.000,200.000,0,0,,2020
FUNDO - ARARAQUARA,Impositivas,Custeio,100.000,100.000,0,0,,2020
FUNDO - ARARAQUARA,Impositivas,Investimento,200.000,200.000,0,0,,2020
FUNDO - ARARAQUARA,Impositivas,Investimento,300.000,300.000,0,0,,2020
FUNDO - ARARAQUARA,Impositivas,Investimento,120.000,120.000,0,0,,2020
FUNDO - ARARAS,Impositivas,Custeio,100.000,100.000,0,0,,2020
FUNDO - ARARAS,Impositivas,Custeio,200.000,200.000,0,0,,2020
FUNDO - ARARAS,Impositivas,Custeio,165.000,165.000,0,0,,2020
FUNDO - AREALVA,Impositivas,Custeio,100.000,100.000,0,0,,2020
FUNDO - AREALVA,Impositivas,Investimento,100.000,100.000,0,0,,2020
FUNDO - AREALVA,Emendas,Custeio,100.000,100.000,0,0,,2020
FUNDO - AREIAS,Impositivas,Investimento,120.000,120.000,0,0,,2020
FUNDO - AREIAS,Impositivas,Custeio,100.000,100.000,0,0,,2020
FUNDO - AREIOPOLIS,Impositivas,Investimento,100.000,100.000,0,0,,2020
FUNDO - AREIOPOLIS,Impositivas,Investimento,100.000,100.000,0,0,,2020
FUNDO - ARIRANHA,Impositivas,Custeio,250.000,250.000,0,0,,2020
FUNDO - ARTUR NOGUEIRA,Impositivas,Investimento,100.000,100.000,0,0,,2020
FUNDO - ARUJÁ,Impositivas,Investimento,100.000,100.000,0,0,,2020
FUNDO - ASPÁSIA,Impositivas,Custeio,100.000,100.000,0,0,,2020
CIVAP,Continuidade,Custeio,565.670,565.670,0,282.835,SOCORRISTA - ASSIS,2020
CIVAP,Continuidade,Custeio,1.244.280,622.140,622.140,98.000,AÇOES-SAUDE,2020
CIVAP,Continuidade,Custeio,1.697.010,565.670,1.131.340,282.835,SOCORRISTA - ASSIS,2020
CIVAP,Continuidade,Custeio,1.176.000,588.000,588.000,103.690,ONCOLOGIA-ASSIS,2020
FUNDO - ASSIS,Impositivas,Custeio,107.500,107.500,0,0,,2020
FUNDO - ATIBAIA,Impositivas,Investimento,100.000,100.000,0,0,,2020
FUNDO - ATIBAIA,Impositivas,Investimento,630.000,630.000,0,0,,2020
FUNDO - ATIBAIA,Impositivas,Custeio,100.000,100.000,0,0,,2020
FUNDO - ATIBAIA,Impositivas,Custeio,150.000,150.000,0,0,,2020
FUNDO - AURIFLAMA,Impositivas,Custeio,100.000,100.000,0,0,,2020
FUNDO - AVANHANDAVA,Impositivas,Custeio,200.000,200.000,0,0,,2020
FUNDO - AVARÉ,Impositivas,Custeio,100.000,100.000,0,0,,2020
FUNDO - AVARÉ,Impositivas,Custeio,300.000,300.000,0,0,,2020
FUNDO - BÁLSAMO,Impositivas,Custeio,110.000,110.000,0,0,,2020
FUNDO - BANANAL,Impositivas,Custeio,150.000,150.000,0,0,,2020
FUNDO - BANANAL,Impositivas,Investimento,100.000,100.000,0,0,,2020
FUNDO - BARBOSA,Impositivas,Custeio,100.000,100.000,0,0,,2020
FUNDO - BARIRI,Impositivas,Investimento,110.000,110.000,0,0,,2020
FUNDO - BARRA BONITA,Impositivas,Investimento,100.000,100.000,0,0,,2020
FUNDO - BARRA DO CHAPÉU,Impositivas,Investimento,120.000,120.000,0,0,,2020
FUNDACAO PIO XII DE BARRETOS,Emendas,Custeio,200.000,0,200.000,200.000,CUSTEIO ENTIDADE,2020
FUNDACAO PIO XII DE BARRETOS,Emendas,Custeio,100.000,0,100.000,100.000,CUSTEIO ENTIDADE,2020
FUNDO - BARRETOS,Impositivas,Custeio,150.000,150.000,0,0,,2020
FUNDO - BARRETOS,Impositivas,Custeio,100.000,100.000,0,0,,2020
PREFEITURA - BARRETOS,Sustentáveis,Custeio,11.708.774,1.463.597,10.245.177,243.933,SUSTENTAVEIS - ESTRATEGICOS,2020
PREFEITURA - BARRETOS,Pro Sta Casa,Custeio,2.268.000,283.500,1.984.500,47.250,PRO SANTA CASA,2020
FUNDO - BARRINHA,Impositivas,Investimento,150.000,150.000,0,0,,2020
FUNDO - BARRINHA,Impositivas,Custeio,100.000,100.000,0,0,,2020
FUNDO - BARRINHA,Impositivas,Custeio,100.000,100.000,0,0,,2020
FUNDO - BARUERI,Impositivas,Custeio,110.000,110.000,0,0,,2020
FUNDO - BARUERI,Impositivas,Investimento,140.000,140.000,0,0,,2020
PREFEITURA - BARUERI,Subvenção,Investimento,125.000.000,0,125.000.000,10.000.000,CONSTRUÇAO GERAL,2020
FUNDO - BASTOS,Impositivas,Custeio,150.000,150.000,0,0,,2020
FUNDO - BASTOS,Impositivas,Investimento,100.000,100.000,0,0,,2020
FUNDO - BASTOS,Impositivas,Investimento,180.000,180.000,0,0,,2020
FUNDO - BATATAIS,Impositivas,Custeio,200.000,200.000,0,0,,2020
FUNDO - BATATAIS,Impositivas,Investimento,150.000,150.000,0,0,,2020
FUNDAÇÃO PARA O DESENVOLVIMENTO MÉDICO E HOSPITALAR,Subvenção,Investimento,2.279.892,0,2.279.892,2.279.892,CUSTEIO HOSPITAL,2020
FUNDO - BAURU,Impositivas,Investimento,100.000,100.000,0,0,,2020
HOSPITAL DAS CLÍNICAS DE BAURU,Subvenção,Investimento,2.279.892,0,2.279.892,2.279.892,COVID19,2020
HOSPITAL DAS CLÍNICAS DE BAURU,Subvenção,Custeio,6.750.641,0,6.750.641,1.687.660,COVID19,2020
FUNDO - BEBEDOURO,Impositivas,Investimento,200.000,200.000,0,0,,2020
FUNDO - BEBEDOURO,Impositivas,Investimento,180.000,180.000,0,0,,2020
FUNDO - BEBEDOURO,Impositivas,Custeio,100.000,100.000,0,0,,2020
FUNDO - BENTO DE ABREU,Impositivas,Investimento,100.000,100.000,0,0,,2020
FUNDO - BERNARDINO DE CAMPOS,Impositivas,Investimento,160.000,160.000,0,0,,2020
FUNDO - BERNARDINO DE CAMPOS,Impositivas,Investimento,100.000,100.000,0,0,,2020
FUNDO - BERTIOGA,Impositivas,Investimento,300.000,300.000,0,0,,2020
FUNDO - BERTIOGA,Impositivas,Custeio,200.000,200.000,0,0,,2020
FUNDO - BERTIOGA,Impositivas,Custeio,100.000,100.000,0,0,,2020
FUNDO - BERTIOGA,Impositivas,Custeio,170.000,170.000,0,0,,2020
FUNDO - BERTIOGA,Impositivas,Custeio,200.000,200.000,0,0,,2020
FUNDO - BERTIOGA,Impositivas,Custeio,250.000,250.000,0,0,,2020
FUNDO - BERTIOGA,Impositivas,Custeio,160.000,160.000,0,0,,2020
FUNDO - BILAC,Impositivas,Custeio,100.000,100.000,0,0,,2020
FUNDO - BILAC,Impositivas,Custeio,150.000,150.000,0,0,,2020
SANTA CASA - BIRIGUI,Continuidade,Custeio,5.112.000,0,5.112.000,426.000,CUSTEIO PS,2020
SANTA CASA - BIRIGUI,Continuidade,Custeio,4.284.000,2.142.000,2.142.000,357.000,UTI-PEDIATRICA,2020
SANTA CASA - BIRIGUI,Subvenção,Custeio,9.543.294,3.181.098,6.362.196,1.590.549,COVID19,2020
SANTA CASA - BIRIGUI,Emendas,Custeio,630.000,0,630.000,630.000,CUSTEIO SANTA CASA,2020
SANTA CASA - BIRIGUI,Subvenção,Custeio,9.567.345,3.189.115,6.378.230,1.594.558,COVID19,2020
SANTA CASA - BIRIGUI,Continuidade,Custeio,16.102.709,8.051.355,8.051.354,1.341.892,UTI-MANDAQUI,2020
SANTA CASA - BIRIGUI,Continuidade,Custeio,14.529.618,7.264.809,7.264.809,1.210.802,UTI-OSASCO,2020
FUNDO - BIRITIBA-MIRIM,Impositivas,Investimento,150.000,150.000,0,0,,2020
FUNDO - BIRITIBA-MIRIM,Impositivas,Custeio,100.000,100.000,0,0,,2020
PREFEITURA - BIRITIBA-MIRIM,Emendas,Custeio,300.000,0,300.000,300.000,CUSTEIO SANTA CASA,2020
FUNDO - BOA ESPERANÇA DO SUL,Impositivas,Investimento,100.000,100.000,0,0,,2020
FUNDO - BOFETE,Impositivas,Custeio,100.000,100.000,0,0,,2020
FUNDO - BOFETE,Impositivas,Custeio,200.000,200.000,0,0,,2020
FUNDO - BOFETE,Impositivas,Custeio,140.000,140.000,0,0,,2020
FUNDO - BOFETE,Impositivas,Investimento,150.000,150.000,0,0,,2020
FUNDO - BOITUVA,Impositivas,Custeio,500.000,500.000,0,0,,2020
FUNDO - BOITUVA,Impositivas,Custeio,100.000,100.000,0,0,,2020
FUNDO - BOM JESUS DOS PERDÕES,Impositivas,Custeio,100.000,100.000,0,0,,2020
FUNDO - BOM JESUS DOS PERDÕES,Impositivas,Custeio,100.000,100.000,0,0,,2020
VICC VOLUNTARIOS ITARAREENSES NO COMBATE AO CANCER,Emendas,Investimento,100.000,0,100.000,100.000,EQUIPAMENTO,2020
FUNDO - BORACEIA,Impositivas,Custeio,175.000,175.000,0,0,,2020
FUNDO - BORACEIA,Impositivas,Custeio,120.000,120.000,0,0,,2020
FUNDO - BORBOREMA,Impositivas,Custeio,120.000,120.000,0,0,,2020
FUNDO - BOTUCATU,Impositivas,Custeio,50.000,50.000,0,0,,2020
HOSPITAL DAS CLINICAS DE BOTUCATU - FAMESP,Subvenção,Custeio,11.200.000,8.000.000,3.200.000,1.600.000,REFORMA HOSPITAL BOTUCATU,2020
HOSPITAL UNIVERSITARIO SAO FRANCISCO NA PROV DE DEUS,Subvenção,Custeio,1.440.000,0,1.440.000,480.000,COVID19,2020
FUNDO - BREJO ALEGRE,Impositivas,Custeio,100.000,100.000,0,0,,2020
FUNDO - BRODOSQUI,Impositivas,Investimento,120.000,120.000,0,0,,2020
FUNDO - BRODOSQUI,Impositivas,Custeio,200.000,200.000,0,0,,2020
FUNDO - BROTAS,Impositivas,Investimento,190.000,190.000,0,0,,2020
FUNDO - BURI,Impositivas,Custeio,100.000,100.000,0,0,,2020
FUNDO - BURI,Impositivas,Custeio,300.000,300.000,0,0,,2020
FUNDO - BURITAMA,Impositivas,Custeio,100.000,100.000,0,0,,2020
FUNDO - BURITAMA,Impositivas,Investimento,150.000,150.000,0,0,,2020
FUNDO - BURITIZAL,Impositivas,Custeio,125.000,125.000,0,0,,2020
FUNDO - BURITIZAL,Impositivas,Investimento,180.000,180.000,0,0,,2020
FUNDO - CABRALIA PAULISTA,Impositivas,Investimento,100.000,100.000,0,0,,2020
FUNDO - CABRALIA PAULISTA,Impositivas,Custeio,100.000,100.000,0,0,,2020
FUNDO - CABREUVA,Impositivas,Custeio,200.000,200.000,0,0,,2020
FUNDO - CABREUVA,Impositivas,Custeio,100.000,100.000,0,0,,2020
FUNDO - CAÇAPAVA,Impositivas,Investimento,200.000,200.000,0,0,,2020
FUNDO - CAÇAPAVA,Emendas,Custeio,300.000,300.000,0,0,,2020
FUNDO - CAÇAPAVA,Impositivas,Investimento,100.000,100.000,0,0,,2020
FUNDO - CACHOEIRA PAULISTA,Impositivas,Investimento,100.000,100.000,0,0,,2020
FUNDO - CACHOEIRA PAULISTA,Emendas,Custeio,100.000,100.000,0,0,,2020
FUNDO - CACONDE,Impositivas,Custeio,100.000,100.000,0,0,,2020
FUNDO - CACONDE,Impositivas,Custeio,100.000,100.000,0,0,,2020
FUNDO - CAFELÂNDIA,Impositivas,Investimento,100.000,100.000,0,0,,2020
FUNDO - CAIEIRAS,Impositivas,Custeio,100.000,100.000,0,0,,2020
FUNDO - CAIEIRAS,Impositivas,Custeio,100.000,100.000,0,0,,2020
FUNDO - CAIEIRAS,Impositivas,Investimento,100.000,100.000,0,0,,2020
FUNDO - CAIEIRAS,Impositivas,Custeio,100.000,100.000,0,0,,2020
FUNDO - CAIUÁ,Impositivas,Investimento,100.000,100.000,0,0,,2020
FUNDO - CAIUÁ,Impositivas,Custeio,100.000,100.000,0,0,,2020
FUNDO - CAIUÁ,Impositivas,Investimento,120.000,120.000,0,0,,2020
FUNDO - CAJAMAR,Impositivas,Custeio,400.000,400.000,0,0,,2020
FUNDO - CAJAMAR,Impositivas,Custeio,150.000,150.000,0,0,,2020
FUNDO - CAJATI,Impositivas,Investimento,150.000,150.000,0,0,,2020
FUNDO - CAJATI,Impositivas,Custeio,100.000,100.000,0,0,,2020
FUNDO - CAJOBI,Impositivas,Custeio,100.000,100.000,0,0,,2020
PREFEITURA - CAJOBI,Emendas,Investimento,50.000,0,50.000,50.000,,2020
FUNDO - CAMPINA DO MONTE ALEGRE,Impositivas,Custeio,100.000,100.000,0,0,,2020
FUNDO - CAMPINA DO MONTE ALEGRE,Impositivas,Custeio,100.000,100.000,0,0,,2020
FUNDO - CAMPINA DO MONTE ALEGRE,Emendas,Investimento,50.000,50.000,0,0,,2020
ADACAMP,Continuidade,Custeio,2.460.324,0,2.460.324,205.027,TEA,2020
AUTARQUIA MUNICIPAL (REDE MÁRIO GATTI),Subvenção,Custeio,13.000.000,0,13.000.000,0,CUSTEIO HOSPITAL,2020
BOLDRINI DE CAMPINAS,Subvenção,Custeio,1.959.204,0,1.959.204,391.841,CAMPINAS,2020
BOLDRINI DE CAMPINAS,Emendas,Custeio,100.000,100.000,0,100.000,CUSTEIO ENTIDADE,2020
FUNDO - CAMPINAS,Impositivas,Custeio,200.000,200.000,0,0,,2020
FUNDO - CAMPINAS,Impositivas,Custeio,100.000,100.000,0,0,,2020
FUNDO - CAMPINAS,Impositivas,Investimento,100.000,100.000,0,0,,2020
FUNDO - CAMPINAS,Impositivas,Custeio,500.000,500.000,0,0,,2020
SOCIEDADE CAMPINEIRA EDUCAÇÃO,Emendas,Investimento,200.000,0,200.000,200.000,EQUIPAMENTO,2020
SOCIEDADE CAMPINEIRA EDUCAÇÃO,Emendas,Investimento,50.000,50.000,0,50.000,EQUIPAMENTO,2020
UNICAMP - UNIVERSIDADE ESTADUAL DE CAMPINAS,Subvenção,Investimento,4.053.000,0,4.053.000,4.053.000,COVID19,2020
UNICAMP - UNIVERSIDADE ESTADUAL DE CAMPINAS,Emendas,Custeio,100.000,100.000,0,100.000,CUSTEIO ENTIDADE,2020
UNICAMP - UNIVERSIDADE ESTADUAL DE CAMPINAS,Subvenção,Custeio,2.352.000,0,2.352.000,784.000,COVID19,2020
UNICAMP - UNIVERSIDADE ESTADUAL DE CAMPINAS,Emendas,Custeio,100.000,0,100.000,100.000,CUSTEIO ENTIDADE,2020
FUNDO - CAMPO LIMPO PAULISTA,Impositivas,Custeio,100.000,100.000,0,0,,2020
FUNDO - CAMPO LIMPO PAULISTA,Impositivas,Custeio,200.000,200.000,0,0,,2020
FUNDO - CAMPOS DO JORDÃO,Impositivas,Custeio,200.000,200.000,0,0,,2020
FUNDO - CAMPOS DO JORDÃO,Impositivas,Custeio,100.000,100.000,0,0,,2020
FUNDO - CANANEIA,Impositivas,Custeio,100.000,100.000,0,0,,2020
FUNDO - CANANEIA,Impositivas,Custeio,100.000,100.000,0,0,,2020
FUNDO - CANANEIA,Impositivas,Investimento,150.000,150.000,0,0,,2020
FUNDO - CANAS,Impositivas,Custeio,150.000,150.000,0,0,,2020
FUNDO - CÂNDIDO MOTA,Impositivas,Investimento,100.000,100.000,0,0,,2020
FUNDO - CAPÃO BONITO,Impositivas,Custeio,100.000,100.000,0,0,,2020
FUNDO - CAPÃO BONITO,Impositivas,Investimento,100.000,100.000,0,0,,2020
FUNDO - CAPELA DO ALTO,Impositivas,Custeio,100.000,100.000,0,0,,2020
FUNDO - CAPELA DO ALTO,Emendas,Investimento,200.000,200.000,0,0,,2020
FUNDO - CAPELA DO ALTO,Impositivas,Investimento,100.000,100.000,0,0,,2020
FUNDO - CAPELA DO ALTO,Impositivas,Custeio,100.000,100.000,0,0,,2020
FUNDO - CAPIVARI,Impositivas,Investimento,180.000,180.000,0,0,,2020
FUNDO - CAPIVARI,Impositivas,Investimento,160.000,160.000,0,0,,2020
FUNDO - CARAGUATATUBA,Impositivas,Custeio,450.000,450.000,0,0,,2020
FUNDO - CARAGUATATUBA,Impositivas,Custeio,100.000,100.000,0,0,,2020
STELLA MARIS - CARAGUATATUBA,Emendas,Custeio,100.000,0,100.000,100.000,CUSTEIO ENTIDADE,2020
FUNDO - CARAPICUIBA,Impositivas,Investimento,100.000,100.000,0,0,,2020
FUNDO - CARAPICUIBA,Impositivas,Custeio,485.000,485.000,0,0,,2020
FUNDO - CARAPICUIBA,Impositivas,Custeio,100.000,100.000,0,0,,2020
FUNDO - CARAPICUIBA,Impositivas,Custeio,500.000,500.000,0,0,,2020
FUNDO - CARAPICUIBA,Impositivas,Custeio,1.000.000,1.000.000,0,0,,2020
FUNDO - CARAPICUIBA,Impositivas,Investimento,250.000,250.000,0,0,,2020
PREFEITURA - CARDOSO,Emendas,Custeio,100.000,0,100.000,100.000,,2020
PREFEITURA - CARDOSO,Emendas,Custeio,200.000,0,200.000,200.000,,2020
SANTA CASA - CARDOSO,Emendas,Custeio,200.000,0,200.000,200.000,CUSTEIO SANTA CASA,2020
FUNDO - CASA BRANCA,Impositivas,Custeio,100.000,100.000,0,0,,2020
FUNDO - CASA BRANCA,Impositivas,Custeio,100.000,100.000,0,0,,2020
FUNDO - CASA BRANCA,Impositivas,Investimento,150.000,150.000,0,0,,2020
PREFEITURA - CASA BRANCA,Emendas,Custeio,150.000,0,150.000,150.000,,2020
FUNDO - CASSIA DOS COQUEIROS,Impositivas,Custeio,100.000,100.000,0,0,,2020
FUNDO - CASTILHO,Impositivas,Investimento,100.000,100.000,0,0,,2020
FUNDO - CATANDUVA,Impositivas,Custeio,100.000,100.000,0,0,,2020
FUNDO - CATIGUÁ,Impositivas,Custeio,100.000,100.000,0,0,,2020
FUNDO - CERQUILHO,Impositivas,Investimento,140.000,140.000,0,0,,2020
FUNDO - CERQUILHO,Impositivas,Investimento,100.000,100.000,0,0,,2020
FUNDO - CERQUILHO,Impositivas,Custeio,140.000,140.000,0,0,,2020
FUNDO - CESÁRIO LANGE,Impositivas,Custeio,100.000,100.000,0,0,,2020
FUNDO - CESÁRIO LANGE,Impositivas,Investimento,100.000,100.000,0,0,,2020
FUNDO - COLINA,Impositivas,Custeio,100.000,100.000,0,0,,2020
HOSPITAL JOSE VENÂNCIO,Emendas,Investimento,250.000,0,250.000,250.000,EQUIPAMENTO,2020
FUNDO - COLÔMBIA,Impositivas,Custeio,150.000,150.000,0,0,,2020
FUNDO - COLÔMBIA,Emendas,Custeio,180.000,180.000,0,0,,2020
FUNDO - CONCHAL,Impositivas,Custeio,200.000,200.000,0,0,,2020
FUNDO - CONCHAL,Impositivas,Investimento,100.000,100.000,0,0,,2020
FUNDO - CONCHAS,Impositivas,Custeio,100.000,100.000,0,0,,2020
FUNDO - CORDEIROPOLIS,Impositivas,Investimento,100.000,100.000,0,0,,2020
FUNDO - CORDEIROPOLIS,Impositivas,Custeio,100.000,100.000,0,0,,2020
FUNDO - CORDEIROPOLIS,Impositivas,Custeio,100.000,100.000,0,0,,2020
FUNDO - CORONEL MACEDO,Impositivas,Custeio,115.000,115.000,0,0,,2020
FUNDO - COSMOPOLIS,Impositivas,Custeio,100.000,100.000,0,0,,2020
FUNDO - COSMOPOLIS,Impositivas,Custeio,150.000,150.000,0,0,,2020
FUNDO - COSMOPOLIS,Impositivas,Custeio,200.000,200.000,0,0,,2020
PREFEITURA - COSMORAMA,Subvenção,Custeio,200.000,0,200.000,200.000,CUSTEIO UBS,2020
FUNDO - COTIA,Impositivas,Custeio,100.000,100.000,0,0,,2020
FUNDO - COTIA,Impositivas,Investimento,150.000,150.000,0,0,,2020
FUNDO - CRAVINHOS,Impositivas,Investimento,100.000,100.000,0,0,,2020
FUNDO - CRISTAIS PAULISTA,Impositivas,Investimento,140.000,140.000,0,0,,2020
FUNDO - CRUZALIA,Impositivas,Investimento,100.000,100.000,0,0,,2020
FUNDO - CRUZEIRO,Impositivas,Custeio,300.000,300.000,0,0,,2020
FUNDO - CRUZEIRO,Impositivas,Custeio,100.000,100.000,0,0,,2020
FUNDO - CRUZEIRO,Impositivas,Investimento,140.000,140.000,0,0,,2020
FUNDO - CRUZEIRO,Impositivas,Custeio,200.000,200.000,0,0,,2020
FUNDO - CRUZEIRO,Impositivas,Custeio,200.000,200.000,0,0,,2020
FUNDO - CRUZEIRO,Impositivas,Custeio,100.000,100.000,0,0,,2020
FUNDO - CRUZEIRO,Impositivas,Investimento,140.000,140.000,0,0,,2020
FUNDO - CRUZEIRO,Impositivas,Investimento,250.000,250.000,0,0,,2020
FUNDO - CUBATÃO,Impositivas,Investimento,100.000,100.000,0,0,,2020
FUNDO - CUBATÃO,Impositivas,Investimento,100.000,100.000,0,0,,2020
FUNDO - CUBATÃO,Impositivas,Custeio,200.000,200.000,0,0,,2020
FUNDO - CUBATÃO,Impositivas,Custeio,100.000,100.000,0,0,,2020
FUNDO - CUBATÃO,Impositivas,Investimento,150.000,150.000,0,0,,2020
FUNDO - CUBATÃO,Impositivas,Investimento,250.000,250.000,0,0,,2020
PREFEITURA - CUBATÃO,Emendas,Custeio,100.000,0,100.000,100.000,,2020
FUNDO - CUNHA,Impositivas,Custeio,150.000,150.000,0,0,,2020
FUNDO - DESCALVADO,Impositivas,Custeio,100.000,100.000,0,0,,2020
FUNDO - DIADEMA,Impositivas,Investimento,150.000,150.000,0,0,,2020
FUNDO - DIADEMA,Impositivas,Investimento,150.000,150.000,0,0,,2020
FUNDO - DIADEMA,Impositivas,Custeio,100.000,100.000,0,0,,2020
PREFEITURA - DIADEMA,Emendas,Custeio,360.000,0,360.000,360.000,,2020
PREFEITURA - DIADEMA,Emendas,Investimento,50.000,0,50.000,50.000,,2020
SANTA CASA - DIADEMA,Emendas,Investimento,50.000,50.000,0,50.000,EQUIPAMENTOS E MOBILIARIOS,2020
FUNDO - DIVINOLANDIA,Impositivas,Investimento,100.000,100.000,0,0,,2020
FUNDO - DIVINOLANDIA,Impositivas,Investimento,100.000,100.000,0,0,,2020
FUNDO - DIVINOLANDIA,Impositivas,Investimento,120.000,120.000,0,0,,2020
FUNDO - DOBRADA,Impositivas,Custeio,100.000,100.000,0,0,,2020
FUNDO - DOLCINÓPOLIS,Impositivas,Investimento,100.000,100.000,0,0,,2020
FUNDO - DOLCINÓPOLIS,Impositivas,Investimento,50.000,50.000,0,0,,2020
FUNDO - DUARTINA,Impositivas,Investimento,100.000,100.000,0,0,,2020
FUNDO - DUMONT,Impositivas,Custeio,100.000,100.000,0,0,,2020
FUNDO - ELDORADO,Impositivas,Custeio,150.000,150.000,0,0,,2020
FUNDO - ELDORADO,Impositivas,Investimento,150.000,150.000,0,0,,2020
FUNDO - ELDORADO,Impositivas,Investimento,700.000,700.000,0,0,,2020
FUNDO - ELDORADO,Impositivas,Investimento,200.000,200.000,0,0,,2020
FUNDO - ELIAS FAUSTO,Impositivas,Custeio,200.000,200.000,0,0,,2020
FUNDO - ELISIÁRIO,Emendas,Investimento,50.000,50.000,0,0,,2020
FUNDO - EMBU DAS ARTES,Impositivas,Custeio,780.000,780.000,0,0,,2020
FUNDO - EMBU DAS ARTES,Impositivas,Investimento,200.000,200.000,0,0,,2020
FUNDO - EMBU DAS ARTES,Impositivas,Custeio,500.000,500.000,0,0,,2020
FUNDO - EMBU DAS ARTES,Impositivas,Investimento,150.000,150.000,0,0,,2020
FUNDO - EMBU-GUACU,Impositivas,Custeio,180.000,180.000,0,0,,2020
FUNDO - EMILIANOPOLIS,Impositivas,Investimento,150.000,150.000,0,0,,2020
FUNDO - ESPÍRITO SANTO DO PINHAL,Impositivas,Custeio,150.000,150.000,0,0,,2020
FUNDO - ESPÍRITO SANTO DO PINHAL,Impositivas,Custeio,400.000,400.000,0,0,,2020
FUNDO - ESPÍRITO SANTO DO TURVO,Impositivas,Investimento,100.000,100.000,0,0,,2020
PREFEITURA - ESPÍRITO SANTO DO TURVO,Emendas,Custeio,50.000,0,50.000,50.000,CUSTEIO ENTIDADE,2020
PREFEITURA - ESPÍRITO SANTO DO TURVO,Emendas,Custeio,50.000,0,50.000,50.000,CUSTEIO ENTIDADE,2020
FUNDO - ESTRELA D`OESTE,Impositivas,Custeio,100.000,100.000,0,0,,2020
FUNDO - EUCLIDES DA CUNHA PAULISTA,Impositivas,Custeio,100.000,100.000,0,0,,2020
FUNDO - FERNANDÓPOLIS,Impositivas,Custeio,100.000,100.000,0,0,,2020
FUNDO - FERNANDÓPOLIS,Impositivas,Custeio,200.000,200.000,0,0,,2020
FUNDO - FERRAZ DE VASCONCELOS,Impositivas,Custeio,1.000.000,1.000.000,0,0,,2020
FUNDO - FERRAZ DE VASCONCELOS,Impositivas,Custeio,110.000,110.000,0,0,,2020
FUNDO - FERRAZ DE VASCONCELOS,Impositivas,Investimento,150.000,150.000,0,0,,2020
FUNDO - FLORIDA PAULISTA,Impositivas,Custeio,150.000,150.000,0,0,,2020
FUNDO - FLORIDA PAULISTA,Impositivas,Investimento,100.000,100.000,0,0,,2020
FUNDO - FLORIDA PAULISTA,Impositivas,Investimento,100.000,100.000,0,0,,2020
FUNDO - FLORÍNEA,Impositivas,Custeio,100.000,100.000,0,0,,2020
SANTA CASA - FRANCA,Subvenção,Investimento,541.269,0,541.269,541.269,COVID19,2020
SANTA CASA - FRANCA,Subvenção,Custeio,3.816.000,0,3.816.000,1.272.000,COVID19,2020
FUNDO - FRANCISCO MORATO,Impositivas,Custeio,1.000.000,1.000.000,0,0,,2020
FUNDO - FRANCISCO MORATO,Impositivas,Custeio,300.000,300.000,0,0,,2020
FUNDO - FRANCISCO MORATO,Impositivas,Investimento,50.000,50.000,0,0,,2020
FUNDO - FRANCISCO MORATO,Impositivas,Custeio,200.000,200.000,0,0,,2020
FUNDO - FRANCISCO MORATO,Impositivas,Custeio,150.000,150.000,0,0,,2020
FUNDO - FRANCO DA ROCHA,Impositivas,Custeio,1.080.000,1.080.000,0,0,,2020
FUNDO - FRANCO DA ROCHA,Impositivas,Custeio,300.000,300.000,0,0,,2020
FUNDO - FRANCO DA ROCHA,Impositivas,Investimento,100.000,100.000,0,0,,2020
FUNDO - FRANCO DA ROCHA,Impositivas,Custeio,160.000,160.000,0,0,,2020
FUNDO - FRANCO DA ROCHA,Impositivas,Custeio,500.000,500.000,0,0,,2020
FUNDO - GABRIEL MONTEIRO,Impositivas,Custeio,100.000,100.000,0,0,,2020
FUNDO - GABRIEL MONTEIRO,Impositivas,Custeio,200.000,200.000,0,0,,2020
FUNDO - GARCA,Impositivas,Investimento,150.000,150.000,0,0,,2020
PREFEITURA - GARCA,Emendas,Custeio,1.500.000,0,1.500.000,1.500.000,CUSTEIO UBS,2020
FUNDO - GETULINA,Impositivas,Investimento,70.000,70.000,0,0,,2020
FUNDO - GUAIMBE,Impositivas,Custeio,100.000,100.000,0,0,,2020
FUNDO - GUAIMBE,Impositivas,Custeio,100.000,100.000,0,0,,2020
FUNDO - GUAIRA,Impositivas,Custeio,100.000,100.000,0,0,,2020
FUNDO - GUAIRA,Impositivas,Custeio,100.000,100.000,0,0,,2020
FUNDO - GUAPIAÇÚ,Impositivas,Custeio,200.000,200.000,0,0,,2020
FUNDO - GUAPIARA,Impositivas,Investimento,120.000,120.000,0,0,,2020
FUNDO - GUAPIARA,Impositivas,Custeio,100.000,100.000,0,0,,2020
FUNDO - GUAPIARA,Impositivas,Investimento,130.000,130.000,0,0,,2020
FUNDO - GUARÁ,Impositivas,Custeio,100.000,100.000,0,0,,2020
FUNDO - GUARACAI,Impositivas,Investimento,100.000,100.000,0,0,,2020
PREFEITURA - GUARANI D`OESTE,Emendas,Investimento,50.000,0,50.000,50.000,,2020
FUNDO - GUARARAPES,Impositivas,Investimento,250.000,250.000,0,0,,2020
FUNDO - GUARARAPES,Emendas,Custeio,100.000,100.000,0,0,,2020
FUNDO - GUARARAPES,Emendas,Custeio,100.000,100.000,0,0,,2020
FUNDO - GUARARAPES,Impositivas,Custeio,100.000,100.000,0,0,,2020
FUNDO - GUARATINGUETÁ,Impositivas,Investimento,200.000,200.000,0,0,,2020
FUNDO - GUAREÍ,Impositivas,Custeio,100.000,100.000,0,0,,2020
FUNDO - GUAREÍ,Impositivas,Custeio,100.000,100.000,0,0,,2020
FUNDO - GUARIBA,Impositivas,Investimento,100.000,100.000,0,0,,2020
FUNDO - GUARUJA,Impositivas,Custeio,260.000,260.000,0,0,,2020
FUNDO - GUARUJA,Emendas,Custeio,2.000.000,2.000.000,0,0,,2020
FUNDO - GUARUJA,Impositivas,Investimento,100.000,100.000,0,0,,2020
FUNDO - GUARUJA,Impositivas,Custeio,200.000,200.000,0,0,,2020
FUNDO - GUARUJA,Impositivas,Custeio,300.000,300.000,0,0,,2020
CENTRO ESPÍRITA NOSSO LAR CASAS ANDRE LUIZ,Subvenção,Custeio,300.000,0,300.000,300.000,COVID19,2020
FUNDO - GUARULHOS,Emendas,Custeio,100.000,100.000,0,0,,2020
FUNDO - GUARULHOS,Impositivas,Investimento,180.000,180.000,0,0,,2020
FUNDO - GUARULHOS,Impositivas,Investimento,500.000,500.000,0,0,,2020
FUNDO - GUARULHOS,Impositivas,Investimento,100.000,100.000,0,0,,2020
FUNDO - GUARULHOS,Impositivas,Custeio,130.000,130.000,0,0,,2020
FUNDO - GUARULHOS,Impositivas,Custeio,100.000,100.000,0,0,,2020
FUNDO - GUARULHOS,Impositivas,Investimento,300.000,300.000,0,0,,2020
FUNDO - GUARULHOS,Impositivas,Investimento,120.000,120.000,0,0,,2020
FUNDO - GUARULHOS,Impositivas,Custeio,100.000,100.000,0,0,,2020
FUNDO - GUATAPARA,Impositivas,Investimento,100.000,100.000,0,0,,2020
FUNDO - HERCULANDIA,Impositivas,Investimento,100.000,100.000,0,0,,2020
FUNDO - HORTOLÂNDIA,Impositivas,Custeio,150.000,150.000,0,0,,2020
FUNDO - HORTOLÂNDIA,Impositivas,Custeio,500.000,500.000,0,0,,2020
FUNDO - HORTOLÂNDIA,Impositivas,Custeio,150.000,150.000,0,0,,2020
FUNDO - HORTOLÂNDIA,Impositivas,Investimento,180.000,180.000,0,0,,2020
FUNDO - HORTOLÂNDIA,Emendas,Custeio,100.000,100.000,0,0,,2020
FUNDO - IACANGA,Emendas,Investimento,50.000,50.000,0,0,,2020
FUNDO - IBATE,Impositivas,Investimento,200.000,200.000,0,0,,2020
FUNDO - IBATE,Impositivas,Investimento,100.000,100.000,0,0,,2020
FUNDO - IBIRAREMA,Emendas,Custeio,100.000,100.000,0,0,,2020
PREFEITURA - IBIRAREMA,Emendas,Custeio,100.000,0,100.000,100.000,,2020
PREFEITURA - IBIRAREMA,Emendas,Custeio,150.000,0,150.000,150.000,CUSTEIO UBS,2020
FUNDO - IBITINGA,Impositivas,Custeio,110.000,110.000,0,0,,2020
FUNDO - IBITINGA,Impositivas,Custeio,150.000,150.000,0,0,,2020
FUNDO - IBITINGA,Impositivas,Custeio,100.000,100.000,0,0,,2020
FUNDO - IBITINGA,Impositivas,Custeio,200.000,200.000,0,0,,2020
FUNDO - IBITINGA,Impositivas,Investimento,110.000,110.000,0,0,,2020
FUNDO - IBITINGA,Impositivas,Custeio,100.000,100.000,0,0,,2020
PREFEITURA - IBITINGA,Pro Sta Casa,Custeio,1.348.800,168.600,1.180.200,28.100,PRO SANTA CASA,2020
PREFEITURA - IBITINGA,Subvenção,Custeio,6.288.000,882.100,5.405.900,131.000,CUSTEIO SANTA CASA,2020
PREFEITURA - IBITINGA,Emendas,Custeio,100.000,0,100.000,100.000,,2020
FUNDO - IBIÚNA,Impositivas,Investimento,100.000,100.000,0,0,,2020
FUNDO - IBIÚNA,Impositivas,Investimento,120.000,120.000,0,0,,2020
FUNDO - IGARAÇU DO TIETE,Impositivas,Custeio,100.000,100.000,0,0,,2020
FUNDO - IGARAÇU DO TIETE,Impositivas,Custeio,200.000,200.000,0,0,,2020
FUNDO - IGARAPAVA,Impositivas,Investimento,110.000,110.000,0,0,,2020
FUNDO - IGARAPAVA,Impositivas,Custeio,100.000,100.000,0,0,,2020
FUNDO - IGARATA,Impositivas,Custeio,100.000,100.000,0,0,,2020
FUNDO - IGUAPE,Impositivas,Investimento,100.000,100.000,0,0,,2020
FUNDO - IGUAPE,Impositivas,Custeio,100.000,100.000,0,0,,2020
FUNDO - ILHA COMPRIDA,Impositivas,Investimento,200.000,200.000,0,0,,2020
HOSPITAL REGIONAL DE ILHA SOLTEIRA,Subvenção,Custeio,1.584.000,792.000,792.000,264.000,COVID19,2020
FUNDO - INDAIATUBA,Impositivas,Custeio,500.000,500.000,0,0,,2020
FUNDO - INDIAPORÃ,Impositivas,Investimento,100.000,100.000,0,0,,2020
FUNDO - INÚBIA PAULISTA,Impositivas,Custeio,140.000,140.000,0,0,,2020
PREFEITURA - IPAUSSU,Emendas,Investimento,50.000,0,50.000,50.000,,2020
PREFEITURA - IPAUSSU,Impositivas,Custeio,15.000,15.000,0,0,IMPOSITIVA,2020
FUNDO - IPIGUÁ,Emendas,Custeio,100.000,100.000,0,0,,2020
FUNDO - IPUÃ,Impositivas,Investimento,180.000,180.000,0,0,,2020
FUNDO - IPUÃ,Impositivas,Investimento,150.000,150.000,0,0,,2020
FUNDO - IPUÃ,Impositivas,Custeio,100.000,100.000,0,0,,2020
FUNDO - IRACEMAPOLIS,Emendas,Investimento,100.000,100.000,0,0,,2020
FUNDO - IRAPUÃ,Impositivas,Investimento,100.000,100.000,0,0,,2020
FUNDO - ITABERÁ,Impositivas,Investimento,100.000,100.000,0,0,,2020
FUNDO - ITAI,Impositivas,Custeio,150.000,150.000,0,0,,2020
FUNDO - ITAJOBI,Impositivas,Investimento,100.000,100.000,0,0,,2020
FUNDO - ITAÓCA,Impositivas,Custeio,110.000,110.000,0,0,,2020
FUNDO - ITAÓCA,Impositivas,Custeio,100.000,100.000,0,0,,2020
FUNDO - ITAÓCA,Impositivas,Custeio,150.000,150.000,0,0,,2020
FUNDO - ITAPECERICA DA SERRA,Impositivas,Investimento,150.000,150.000,0,0,,2020
FUNDO - ITAPECERICA DA SERRA,Impositivas,Custeio,100.000,100.000,0,0,,2020
FUNDO - ITAPECERICA DA SERRA,Impositivas,Custeio,200.000,200.000,0,0,,2020
FUNDO - ITAPECERICA DA SERRA,Impositivas,Investimento,200.000,200.000,0,0,,2020
FUNDO - ITAPETININGA,Impositivas,Custeio,210.000,210.000,0,0,,2020
FUNDO - ITAPETININGA,Impositivas,Custeio,450.000,450.000,0,0,,2020
FUNDO - ITAPETININGA,Impositivas,Custeio,200.000,200.000,0,0,,2020
FUNDO - ITAPETININGA,Impositivas,Custeio,100.000,100.000,0,0,,2020
FUNDO - ITAPETININGA,Impositivas,Custeio,200.000,200.000,0,0,,2020
FUNDO - ITAPETININGA,Impositivas,Investimento,150.000,150.000,0,0,,2020
PREFEITURA - ITAPETININGA,Continuidade,Custeio,48.384.000,6.300.000,42.084.000,1.008.000,AÇOES-SAUDE,2020
FUNDO - ITAPEVA,Impositivas,Investimento,120.000,120.000,0,0,,2020
FUNDO - ITAPEVA,Impositivas,Custeio,100.000,100.000,0,0,,2020
FUNDO - ITAPEVI,Impositivas,Investimento,300.000,300.000,0,0,,2020
FUNDO - ITAPEVI,Impositivas,Custeio,400.000,400.000,0,0,,2020
FUNDO - ITAPEVI,Impositivas,Custeio,250.000,250.000,0,0,,2020
FUNDO - ITAPEVI,Impositivas,Custeio,100.000,100.000,0,0,,2020
FUNDO - ITAPEVI,Impositivas,Custeio,100.000,100.000,0,0,,2020
FUNDO - ITAPIRA,Impositivas,Custeio,500.000,500.000,0,0,,2020
FUNDO - ITAPOLIS,Impositivas,Custeio,300.000,300.000,0,0,,2020
FUNDO - ITAPOLIS,Impositivas,Investimento,190.000,190.000,0,0,,2020
FUNDO - ITAPOLIS,Impositivas,Custeio,100.000,100.000,0,0,,2020
FUNDO - ITAPOLIS,Impositivas,Custeio,170.000,170.000,0,0,,2020
FUNDO - ITAPUI,Impositivas,Custeio,150.000,150.000,0,0,,2020
FUNDO - ITAPURA,Impositivas,Investimento,100.000,100.000,0,0,,2020
FUNDO - ITAPURA,Impositivas,Investimento,150.000,150.000,0,0,,2020
FUNDO - ITAQUAQUECETUBA,Impositivas,Investimento,100.000,100.000,0,0,,2020
FUNDO - ITAQUAQUECETUBA,Impositivas,Custeio,150.000,150.000,0,0,,2020
FUNDO - ITARARÉ,Impositivas,Custeio,100.000,100.000,0,0,,2020
FUNDO - ITARARÉ,Impositivas,Investimento,100.000,100.000,0,0,,2020
FUNDO - ITARARÉ,Impositivas,Custeio,200.000,200.000,0,0,,2020
FUNDO - ITATINGA,Impositivas,Custeio,120.000,120.000,0,0,,2020
FUNDO - ITOBI,Impositivas,Investimento,190.000,190.000,0,0,,2020
FUNDO - ITÚ,Impositivas,Investimento,100.000,100.000,0,0,,2020
FUNDO - ITUPEVA,Impositivas,Investimento,100.000,100.000,0,0,,2020
FUNDO - ITUPEVA,Impositivas,Investimento,130.000,130.000,0,0,,2020
FUNDO - ITUPEVA,Impositivas,Custeio,200.000,200.000,0,0,,2020
FUNDO - ITUPEVA,Impositivas,Custeio,100.000,100.000,0,0,,2020
APAE - ITUVERAVA,Continuidade,Custeio,1.239.036,414.875,824.161,103.253,TEA,2020
SANTA CASA - ITUVERAVA,Subvenção,Custeio,1.440.000,0,1.440.000,480.000,COVID19,2020
FUNDO - JABOTICABAL,Impositivas,Investimento,150.000,150.000,0,0,,2020
FUNDO - JACAREI,Impositivas,Custeio,250.000,250.000,0,0,,2020
FUNDO - JAGUARIÚNA,Impositivas,Custeio,120.000,120.000,0,0,,2020
FUNDO - JAGUARIÚNA,Impositivas,Investimento,100.000,100.000,0,0,,2020
FUNDO - JAGUARIÚNA,Impositivas,Custeio,100.000,100.000,0,0,,2020
FUNDO - JALES,Impositivas,Custeio,140.000,140.000,0,0,,2020
FUNDO - JAMBEIRO,Impositivas,Investimento,200.000,200.000,0,0,,2020
FUNDO - JANDIRA,Impositivas,Investimento,200.000,200.000,0,0,,2020
FUNDO - JANDIRA,Impositivas,Custeio,200.000,200.000,0,0,,2020
FUNDO - JARINU,Impositivas,Investimento,180.000,180.000,0,0,,2020
FUNDO - JARINU,Emendas,Investimento,80.000,80.000,0,0,,2020
FUNDO - JAÚ,Impositivas,Custeio,100.000,100.000,0,0,,2020
FUNDO - JAÚ,Impositivas,Investimento,150.000,150.000,0,0,,2020
HOSPITAL AMARAL DE CARVALHO DE JAU,Emendas,Custeio,500.000,0,500.000,500.000,CUSTEIO ENTIDADE,2020
HOSPITAL AMARAL DE CARVALHO DE JAU,Emendas,Custeio,150.000,0,150.000,150.000,CUSTEIO ENTIDADE,2020
FUNDO - JOÃO RAMALHO,Impositivas,Custeio,100.000,100.000,0,0,,2020
FUNDO - JOSÉ BONIFÁCIO,Impositivas,Custeio,100.000,100.000,0,0,,2020
FUNDO - JOSÉ BONIFÁCIO,Impositivas,Custeio,100.000,100.000,0,0,,2020
FUNDO - JULIO MESQUITA,Impositivas,Investimento,180.000,180.000,0,0,,2020
FUNDO - JULIO MESQUITA,Emendas,Investimento,150.000,150.000,0,0,,2020
FUNDO - JULIO MESQUITA,Impositivas,Investimento,100.000,100.000,0,0,,2020
FUNDO - JUMIRIM,Impositivas,Custeio,120.000,120.000,0,0,,2020
ASSOCIAÇÃO DE PAIS E AMIGOS DOS EXCEPCIONAIS DE ITU,Emendas,Custeio,100.000,0,100.000,100.000,CUSTEIO ENTIDADE,2020
HOSPITAL CARIDADE SÃO VICENTE PAULO,Subvenção,Custeio,25.000.000,6.818.181,18.181.819,2.272.727,CUSTEIO SANTA CASA,2020
FUNDO - JUQUIA,Impositivas,Investimento,150.000,150.000,0,0,,2020
FUNDO - JUQUIA,Impositivas,Investimento,200.000,200.000,0,0,,2020
FUNDO - JUQUITIBA,Impositivas,Investimento,150.000,150.000,0,0,,2020
FUNDO - JUQUITIBA,Impositivas,Investimento,100.000,100.000,0,0,,2020
FUNDO - LAGOINHA,Emendas,Custeio,100.000,100.000,0,0,,2020
FUNDO - LAGOINHA,Impositivas,Custeio,100.000,100.000,0,0,,2020
FUNDO - LARANJAL PAULISTA,Impositivas,Investimento,100.000,100.000,0,0,,2020
FUNDO - LARANJAL PAULISTA,Impositivas,Custeio,120.000,120.000,0,0,,2020
FUNDO - LARANJAL PAULISTA,Impositivas,Custeio,100.000,100.000,0,0,,2020
FUNDO - LAVÍNIA,Impositivas,Investimento,200.000,200.000,0,0,,2020
FUNDO - LAVRINHAS,Impositivas,Investimento,100.000,100.000,0,0,,2020
FUNDO - LENÇOIS PAULISTA,Impositivas,Investimento,100.000,100.000,0,0,,2020
FUNDO - LENÇOIS PAULISTA,Impositivas,Custeio,50.000,50.000,0,0,,2020
FUNDO - LENÇOIS PAULISTA,Impositivas,Custeio,100.000,100.000,0,0,,2020
FUNDO - LIMEIRA,Impositivas,Investimento,120.000,120.000,0,0,,2020
FUNDO - LIMEIRA,Impositivas,Custeio,100.000,100.000,0,0,,2020
FUNDO - LIMEIRA,Impositivas,Investimento,150.000,150.000,0,0,,2020
FUNDO - LIMEIRA,Emendas,Custeio,80.000,80.000,0,0,,2020
FUNDO - LINDOIA,Impositivas,Investimento,150.000,150.000,0,0,,2020
FUNDO - LINDOIA,Impositivas,Investimento,150.000,150.000,0,0,,2020
ASSOCIAÇÃO HOSPITALAR BENEFICENTE DO BRASIL,Subvenção,Custeio,5.458.138,1.819.379,3.638.759,909.690,COVID19,2020
ASSOCIAÇÃO HOSPITALAR BENEFICENTE DO BRASIL,Continuidade,Custeio,668.836,668.836,0,334.418,UTI-PROMISSAO,2020
ASSOCIAÇÃO HOSPITALAR BENEFICENTE DO BRASIL,Continuidade,Custeio,8.385.660,4.192.830,4.192.830,698.805,GINECO CAIEIRAS,2020
ASSOCIAÇÃO HOSPITALAR BENEFICENTE DO BRASIL,Continuidade,Custeio,4.156.506,2.032.503,2.124.003,262.500,SOCORRISTA - VILA PENTEADO,2020
ASSOCIAÇÃO HOSPITALAR BENEFICENTE DO BRASIL,Continuidade,Custeio,3.667.824,1.833.912,1.833.912,305.652,UTI-LEONOR MENDES,2020
ASSOCIAÇÃO HOSPITALAR BENEFICENTE DO BRASIL,Continuidade,Custeio,4.475.796,2.237.898,2.237.898,372.983,UTI-VILA PENTEADO,2020
ASSOCIAÇÃO HOSPITALAR BENEFICENTE DO BRASIL,Subvenção,Custeio,3.774.222,1.258.074,2.516.148,629.037,COVID19,2020
ASSOCIAÇÃO HOSPITALAR BENEFICENTE DO BRASIL,Continuidade,Custeio,3.344.178,668.836,2.675.342,334.418,UTI-PROMISSAO,2020
ASSOCIAÇÃO HOSPITALAR BENEFICENTE DO BRASIL,Continuidade,Custeio,4.262.712,2.131.356,2.131.356,355.226,UTI-MIRANDOPOLIS,2020
FUNDO - LINS,Impositivas,Custeio,250.000,250.000,0,0,,2020
FUNDO - LINS,Impositivas,Custeio,450.000,450.000,0,0,,2020
FUNDO - LINS,Impositivas,Custeio,100.000,100.000,0,0,,2020
FUNDO - LINS,Emendas,Custeio,300.000,300.000,0,0,,2020
FUNDO - LORENA,Impositivas,Investimento,100.000,100.000,0,0,,2020
SANTA CASA - LORENA,Emendas,Custeio,100.000,100.000,0,100.000,CUSTEIO SANTA CASA,2020
FUNDO - LOUVEIRA,Impositivas,Custeio,150.000,150.000,0,0,,2020
FUNDO - LOUVEIRA,Impositivas,Investimento,100.000,100.000,0,0,,2020
FUNDO - LUCIANOPOLIS,Impositivas,Custeio,100.000,100.000,0,0,,2020
PREFEITURA - LUPÉRCIO,Emendas,Custeio,175.000,0,175.000,175.000,CUSTEIO ENTIDADE,2020
PREFEITURA - LUPÉRCIO,Emendas,Custeio,25.000,0,25.000,25.000,CUSTEIO ENTIDADE,2020
PREFEITURA - LUTÉCIA,Emendas,Custeio,100.000,0,100.000,100.000,,2020
FUNDO - MACAUBAL,Emendas,Custeio,180.000,180.000,0,0,,2020
PREFEITURA - MACEDÔNIA,Emendas,Custeio,200.000,0,200.000,200.000,,2020
FUNDO - MAGDA,Impositivas,Investimento,130.000,130.000,0,0,,2020
FUNDO - MAGDA,Impositivas,Investimento,280.000,280.000,0,0,,2020
FUNDO - MAIRINQUE,Emendas,Custeio,100.000,100.000,0,0,,2020
FUNDO - MAIRINQUE,Impositivas,Custeio,100.000,100.000,0,0,,2020
FUNDO - MAIRINQUE,Impositivas,Custeio,100.000,100.000,0,0,,2020
FUNDO - MAIRIPORA,Impositivas,Custeio,100.000,100.000,0,0,,2020
FUNDO - MAIRIPORA,Impositivas,Investimento,200.000,200.000,0,0,,2020
FUNDO - MAIRIPORA,Impositivas,Custeio,300.000,300.000,0,0,,2020
FUNDO - MANDURI,Impositivas,Investimento,100.000,100.000,0,0,,2020
FUNDO - MARABÁ PAULISTA,Impositivas,Custeio,100.000,100.000,0,0,,2020
FUNDO - MARABÁ PAULISTA,Impositivas,Investimento,100.000,100.000,0,0,,2020
FUNDO - MARACAÍ,Impositivas,Investimento,100.000,100.000,0,0,,2020
FUNDO - MARACAÍ,Emendas,Custeio,100.000,100.000,0,0,,2020
HOSPITAL BENEFICENTE - MARACAI,Emendas,Investimento,100.000,0,100.000,100.000,EQUIPAMENTO,2020
FUNDO - MARÍLIA,Impositivas,Custeio,490.000,490.000,0,0,,2020
SANTA CASA - MARÍLIA,Emendas,Custeio,100.000,0,100.000,100.000,CUSTEIO SANTA CASA,2020
FUNDO - MARTINÓPOLIS,Impositivas,Investimento,100.000,100.000,0,0,,2020
FUNDO - MAUÁ,Impositivas,Custeio,100.000,100.000,0,0,,2020
FUNDO - MAUÁ,Impositivas,Custeio,480.000,480.000,0,0,,2020
FUNDO - MENDONÇA,Impositivas,Investimento,150.000,150.000,0,0,,2020
FUNDO - MERIDIANO,Impositivas,Investimento,150.000,150.000,0,0,,2020
FUNDO - MERIDIANO,Impositivas,Investimento,130.000,130.000,0,0,,2020
FUNDO - MESÓPOLIS,Impositivas,Investimento,140.000,140.000,0,0,,2020
PREFEITURA - MESÓPOLIS,Emendas,Investimento,50.000,0,50.000,50.000,,2020
PREFEITURA - MESÓPOLIS,Emendas,Investimento,120.000,0,120.000,120.000,,2020
FUNDO - MINEIROS DO TIETE,Impositivas,Investimento,190.000,190.000,0,0,,2020
FUNDO - MIRA ESTRELA,Impositivas,Investimento,200.000,200.000,0,0,,2020
FUNDO - MIRA ESTRELA,Impositivas,Investimento,100.000,100.000,0,0,,2020
FUNDO - MIRA ESTRELA,Emendas,Custeio,180.000,180.000,0,0,,2020
FUNDO - MIRACATU,Emendas,Custeio,500.000,500.000,0,0,,2020
FUNDO - MIRANDÓPOLIS,Impositivas,Custeio,200.000,200.000,0,0,,2020
FUNDO - MIRANDÓPOLIS,Impositivas,Custeio,100.000,100.000,0,0,,2020
FUNDO - MIRANTE DO PARANAPANEMA,Impositivas,Investimento,300.000,300.000,0,0,,2020
FUNDO - MIRANTE DO PARANAPANEMA,Impositivas,Custeio,150.000,150.000,0,0,,2020
FUNDO - MIRANTE DO PARANAPANEMA,Impositivas,Investimento,100.000,100.000,0,0,,2020
FUNDO - MIRASSOL,Impositivas,Custeio,100.000,100.000,0,0,,2020
FUNDO - MIRASSOL,Impositivas,Custeio,150.000,150.000,0,0,,2020
FUNDO - MIRASSOLÂNDIA,Impositivas,Investimento,200.000,200.000,0,0,,2020
FUNDO - MIRASSOLÂNDIA,Impositivas,Investimento,100.000,100.000,0,0,,2020
FUNDO - MOCOCA,Impositivas,Custeio,200.000,200.000,0,0,,2020
FUNDO - MOGI DAS CRUZES,Impositivas,Custeio,100.000,100.000,0,0,,2020
FUNDO - MOGI DAS CRUZES,Impositivas,Custeio,450.000,450.000,0,0,,2020
FUNDO - MOGI DAS CRUZES,Impositivas,Investimento,100.000,100.000,0,0,,2020
FUNDO - MOGI DAS CRUZES,Impositivas,Custeio,130.000,130.000,0,0,,2020
FUNDO - MOGI DAS CRUZES,Impositivas,Custeio,200.000,200.000,0,0,,2020
FUNDO - MOGI DAS CRUZES,Impositivas,Investimento,150.000,150.000,0,0,,2020
PREFEITURA - MOGI-MIRIM,Sustentáveis,Custeio,3.840.000,0,3.840.000,80.000,SUSTENTAVEIS - ESTRATEGICOS,2020
FUNDO - MONGAGUÁ,Impositivas,Investimento,100.000,100.000,0,0,,2020
FUNDO - MONGAGUÁ,Emendas,Custeio,1.000.000,1.000.000,0,0,,2020
FUNDO - MONTE ALEGRE DO SUL,Impositivas,Custeio,150.000,150.000,0,0,,2020
FUNDO - MONTE ALEGRE DO SUL,Impositivas,Investimento,100.000,100.000,0,0,,2020
FUNDO - MONTE APRAZIVEL,Impositivas,Custeio,100.000,100.000,0,0,,2020
FUNDO - MONTE AZUL PAULISTA,Emendas,Investimento,100.000,100.000,0,0,,2020
FUNDO - MONTE CASTELO,Impositivas,Investimento,150.000,150.000,0,0,,2020
FUNDO - MONTE MOR,Impositivas,Custeio,480.000,480.000,0,0,,2020
FUNDO - MONTE MOR,Impositivas,Custeio,200.000,200.000,0,0,,2020
FUNDO - MONTEIRO LOBATO,Impositivas,Investimento,130.000,130.000,0,0,,2020
FUNDO - MORRO AGUDO,Impositivas,Investimento,100.000,100.000,0,0,,2020
FUNDO - MORRO AGUDO,Impositivas,Investimento,170.000,170.000,0,0,,2020
FUNDO - MORRO AGUDO,Impositivas,Investimento,130.000,130.000,0,0,,2020
FUNDO - MORRO AGUDO,Impositivas,Investimento,150.000,150.000,0,0,,2020
FUNDO - MORRO AGUDO,Impositivas,Investimento,100.000,100.000,0,0,,2020
FUNDO - MORUNGABA,Impositivas,Custeio,180.000,180.000,0,0,,2020
FUNDO - NARANDIBA,Impositivas,Investimento,100.000,100.000,0,0,,2020
PREFEITURA - NARANDIBA,Emendas,Investimento,100.000,0,100.000,100.000,,2020
FUNDO - NAZARÉ PAULISTA,Impositivas,Custeio,200.000,200.000,0,0,,2020
FUNDO - NAZARÉ PAULISTA,Impositivas,Custeio,100.000,100.000,0,0,,2020
FUNDO - NAZARÉ PAULISTA,Impositivas,Custeio,100.000,100.000,0,0,,2020
FUNDO - NHANDEARA,Impositivas,Investimento,160.000,160.000,0,0,,2020
FUNDO - NHANDEARA,Emendas,Custeio,180.000,180.000,0,0,,2020
PREFEITURA - NHANDEARA,Emendas,Investimento,100.000,0,100.000,100.000,EQUIPAMENTO,2020
PREFEITURA - NHANDEARA,Emendas,Investimento,150.000,0,150.000,150.000,,2020
FUNDO - NIPOÃ,Impositivas,Investimento,100.000,100.000,0,0,,2020
PREFEITURA - NIPOÃ,Emendas,Investimento,120.000,0,120.000,120.000,,2020
FUNDO - NOVA CAMPINA,Impositivas,Custeio,100.000,100.000,0,0,,2020
FUNDO - NOVA CAMPINA,Emendas,Custeio,200.000,200.000,0,0,,2020
FUNDO - NOVA EUROPA,Impositivas,Custeio,100.000,100.000,0,0,,2020
FUNDO - NOVA GRANADA,Impositivas,Custeio,150.000,150.000,0,0,,2020
FUNDO - NOVA GRANADA,Impositivas,Custeio,150.000,150.000,0,0,,2020
FUNDO - NOVA GRANADA,Impositivas,Custeio,100.000,100.000,0,0,,2020
FUNDO - NOVA LUSITANIA,Impositivas,Investimento,100.000,100.000,0,0,,2020
FUNDO - NOVA LUSITANIA,Impositivas,Custeio,200.000,200.000,0,0,,2020
PREFEITURA - NOVA LUSITANIA,Emendas,Custeio,80.000,0,80.000,0,CUSTEIO UBS,2020
FUNDO - NOVA ODESSA,Impositivas,Custeio,400.000,400.000,0,0,,2020
FUNDO - NOVA ODESSA,Impositivas,Custeio,150.000,150.000,0,0,,2020
FUNDO - OCAUÇU,Impositivas,Custeio,100.000,100.000,0,0,,2020
FUNDO - ÓLEO,Impositivas,Investimento,100.000,100.000,0,0,,2020
FUNDO - OLÍMPIA,Impositivas,Custeio,100.000,100.000,0,0,,2020
FUNDO - ONDA VERDE,Impositivas,Investimento,100.000,100.000,0,0,,2020
FUNDO - ORIENTE,Impositivas,Custeio,100.000,100.000,0,0,,2020
FUNDO - ORIENTE,Impositivas,Investimento,100.000,100.000,0,0,,2020
FUNDO - ORLÂNDIA,Impositivas,Investimento,170.000,170.000,0,0,,2020
FUNDO - ORLÂNDIA,Impositivas,Investimento,150.000,150.000,0,0,,2020
FUNDO - OSASCO,Impositivas,Investimento,500.000,500.000,0,0,,2020
FUNDO - OSASCO,Impositivas,Investimento,180.000,180.000,0,0,,2020
FUNDO - OSASCO,Impositivas,Custeio,200.000,200.000,0,0,,2020
FUNDO - OURINHOS,Impositivas,Investimento,100.000,100.000,0,0,,2020
FUNDO - OURINHOS,Impositivas,Investimento,200.000,200.000,0,0,,2020
FUNDO - OURINHOS,Impositivas,Investimento,200.000,200.000,0,0,,2020
FUNDO - OURINHOS,Impositivas,Investimento,100.000,100.000,0,0,,2020
PREFEITURA - OURINHOS,Emendas,Investimento,50.000,0,50.000,50.000,,2020
SANTA CASA - OURINHOS,Emendas,Custeio,300.000,300.000,0,300.000,CUSTEIO SANTA CASA,2020
FUNDO - OURO VERDE,Impositivas,Investimento,100.000,100.000,0,0,,2020
PREFEITURA - PACAEMBU,Emendas,Custeio,20.000,20.000,0,20.000,CUSTEIO ENTIDADE,2020
PREFEITURA - PACAEMBU,Emendas,Custeio,80.000,80.000,0,80.000,CUSTEIO ENTIDADE,2020
PREFEITURA - PALESTINA,Emendas,Custeio,50.000,0,50.000,50.000,,2020
FUNDO - PALMITAL,Impositivas,Custeio,100.000,100.000,0,0,,2020
PREFEITURA - PALMITAL,Emendas,Investimento,150.000,0,150.000,150.000,,2020
PREFEITURA - PALMITAL,Emendas,Investimento,70.000,0,70.000,70.000,,2020
SANTA CASA - PALMITAL,Emendas,Custeio,150.000,0,150.000,150.000,CUSTEIO SANTA CASA,2020
FUNDO - PARAGUAÇU PAULISTA,Emendas,Investimento,100.000,100.000,0,0,,2020
FUNDO - PARAGUAÇU PAULISTA,Impositivas,Investimento,100.000,100.000,0,0,,2020
FUNDO - PARAIBUNA,Impositivas,Investimento,130.000,130.000,0,0,,2020
FUNDO - PARAIBUNA,Emendas,Investimento,150.000,150.000,0,0,,2020
FUNDO - PARAÍSO,Impositivas,Custeio,100.000,100.000,0,0,,2020
FUNDO - PARANAPANEMA,Impositivas,Custeio,250.000,250.000,0,0,,2020
FUNDO - PARANAPUÃ,Impositivas,Custeio,100.000,100.000,0,0,,2020
FUNDO - PARANAPUÃ,Impositivas,Custeio,100.000,100.000,0,0,,2020
FUNDO - PARAPUÃ,Impositivas,Custeio,100.000,100.000,0,0,,2020
FUNDO - PARDINHO,Impositivas,Custeio,100.000,100.000,0,0,,2020
FUNDO - PARISI,Impositivas,Investimento,200.000,200.000,0,0,,2020
FUNDO - PARISI,Impositivas,Custeio,100.000,100.000,0,0,,2020
FUNDO - PATROCINIO PAULISTA,Impositivas,Custeio,200.000,200.000,0,0,,2020
FUNDO - PATROCINIO PAULISTA,Impositivas,Custeio,100.000,100.000,0,0,,2020
FUNDO - PAULICÉIA,Impositivas,Investimento,100.000,100.000,0,0,,2020
FUNDO - PAULICÉIA,Impositivas,Investimento,100.000,100.000,0,0,,2020
PREFEITURA - PAULICÉIA,Emendas,Custeio,25.000,0,25.000,25.000,CUSTEIO ENTIDADE,2020
PREFEITURA - PAULICÉIA,Emendas,Custeio,325.000,0,325.000,325.000,CUSTEIO ENTIDADE,2020
FUNDO - PAULINIA,Impositivas,Investimento,150.000,150.000,0,0,,2020
FUNDO - PAULINIA,Impositivas,Custeio,100.000,100.000,0,0,,2020
FUNDO - PAULINIA,Impositivas,Investimento,100.000,100.000,0,0,,2020
FUNDO - PAULISTANIA,Impositivas,Investimento,100.000,100.000,0,0,,2020
FUNDO - PEDERNEIRAS,Impositivas,Custeio,100.000,100.000,0,0,,2020
FUNDO - PEDERNEIRAS,Impositivas,Custeio,150.000,150.000,0,0,,2020
FUNDO - PEDERNEIRAS,Impositivas,Investimento,100.000,100.000,0,0,,2020
FUNDO - PEDRA BELA,Impositivas,Custeio,100.000,100.000,0,0,,2020
FUNDO - PEDRANÓPOLIS,Emendas,Custeio,180.000,180.000,0,0,,2020
FUNDO - PEDRANÓPOLIS,Impositivas,Investimento,200.000,200.000,0,0,,2020
FUNDO - PEDRANÓPOLIS,Impositivas,Custeio,100.000,100.000,0,0,,2020
FUNDO - PEDREGULHO,Impositivas,Investimento,100.000,100.000,0,0,,2020
FUNDO - PEDREGULHO,Impositivas,Investimento,150.000,150.000,0,0,,2020
SANTA CASA - PEDREGULHO,Emendas,Custeio,100.000,0,100.000,100.000,CUSTEIO SANTA CASA,2020
FUNDO - PEDREIRA,Impositivas,Custeio,150.000,150.000,0,0,,2020
FUNDO - PEDREIRA,Impositivas,Custeio,100.000,100.000,0,0,,2020
FUNDO - PEDRO DE TOLEDO,Impositivas,Investimento,180.000,180.000,0,0,,2020
FUNDO - PEREIRA BARRETO,Impositivas,Custeio,200.000,200.000,0,0,,2020
FUNDO - PEREIRA BARRETO,Impositivas,Investimento,100.000,100.000,0,0,,2020
FUNDO - PEREIRAS,Impositivas,Investimento,100.000,100.000,0,0,,2020
FUNDO - PEREIRAS,Impositivas,Investimento,100.000,100.000,0,0,,2020
FUNDO - PEREIRAS,Impositivas,Investimento,100.000,100.000,0,0,,2020
FUNDO - PERUIBE,Impositivas,Investimento,165.000,165.000,0,0,,2020
FUNDO - PERUIBE,Impositivas,Investimento,100.000,100.000,0,0,,2020
FUNDO - PERUIBE,Impositivas,Custeio,100.000,100.000,0,0,,2020
FUNDO - PIEDADE,Impositivas,Custeio,250.000,250.000,0,0,,2020
FUNDO - PIEDADE,Impositivas,Investimento,130.000,130.000,0,0,,2020
FUNDO - PIEDADE,Impositivas,Investimento,100.000,100.000,0,0,,2020
FUNDO - PILAR DO SUL,Impositivas,Custeio,250.000,250.000,0,0,,2020
FUNDO - PINDAMONHANGABA,Emendas,Custeio,700.000,700.000,0,0,,2020
FUNDO - PINDAMONHANGABA,Impositivas,Custeio,200.000,200.000,0,0,,2020
FUNDO - PINDAMONHANGABA,Impositivas,Custeio,100.000,100.000,0,0,,2020
FUNDO - PINDAMONHANGABA,Impositivas,Custeio,100.000,100.000,0,0,,2020
FUNDO - PINDAMONHANGABA,Impositivas,Investimento,200.000,200.000,0,0,,2020
FUNDO - PINDORAMA,Impositivas,Custeio,100.000,100.000,0,0,,2020
FUNDO - PINHALZINHO,Impositivas,Investimento,180.000,180.000,0,0,,2020
FUNDO - PINHALZINHO,Impositivas,Custeio,120.000,120.000,0,0,,2020
FUNDO - PIQUEROBI,Impositivas,Investimento,100.000,100.000,0,0,,2020
FUNDO - PIQUEROBI,Impositivas,Custeio,100.000,100.000,0,0,,2020
FUNDO - PIQUETE,Emendas,Custeio,100.000,100.000,0,0,,2020
FUNDO - PIRACAIA,Impositivas,Custeio,100.000,100.000,0,0,,2020
FUNDO - PIRACICABA,Impositivas,Custeio,150.000,150.000,0,0,,2020
FUNDO - PIRAJUI,Impositivas,Custeio,200.000,200.000,0,0,,2020
ASSOCIACAO BENEFICENTE DE PIRANGI HOSPITAL JOSE PIRONDI,Continuidade,Custeio,7.656.000,3.828.000,3.828.000,7.656.000,OBSTETRICIA-INTERLAGOS,2020
FUNDO - PIRAPORA DO BOM JESUS,Impositivas,Investimento,100.000,100.000,0,0,,2020
FUNDO - PIRAPORA DO BOM JESUS,Impositivas,Custeio,240.000,240.000,0,0,,2020
FUNDO - PIRAPORA DO BOM JESUS,Emendas,Custeio,350.000,350.000,0,0,,2020
FUNDO - PIRAPORA DO BOM JESUS,Impositivas,Custeio,400.000,400.000,0,0,,2020
FUNDO - PIRAPORA DO BOM JESUS,Impositivas,Custeio,150.000,150.000,0,0,,2020
FUNDO - PIRAPOZINHO,Impositivas,Investimento,150.000,150.000,0,0,,2020
FUNDO - PIRASSUNUNGA,Impositivas,Custeio,100.000,100.000,0,0,,2020
FUNDO - PITANGUEIRAS,Impositivas,Investimento,100.000,100.000,0,0,,2020
PREFEITURA - PLANALTO,Emendas,Custeio,150.000,0,150.000,150.000,,2020
FUNDO - POÁ,Impositivas,Custeio,100.000,100.000,0,0,,2020
FUNDO - POÁ,Impositivas,Custeio,200.000,200.000,0,0,,2020
FUNDO - POMPÉIA,Impositivas,Custeio,100.000,100.000,0,0,,2020
FUNDO - POMPÉIA,Impositivas,Custeio,150.000,150.000,0,0,,2020
FUNDO - PONTALINDA,Impositivas,Investimento,150.000,150.000,0,0,,2020
FUNDO - POPULINA,Impositivas,Investimento,150.000,150.000,0,0,,2020
FUNDO - PORTO FELIZ,Impositivas,Investimento,130.000,130.000,0,0,,2020
FUNDO - PORTO FELIZ,Impositivas,Custeio,150.000,150.000,0,0,,2020
FUNDO - PORTO FERREIRA,Impositivas,Custeio,100.000,100.000,0,0,,2020
FUNDO - PORTO FERREIRA,Impositivas,Custeio,100.000,100.000,0,0,,2020
FUNDO - POTIM,Impositivas,Custeio,100.000,100.000,0,0,,2020
FUNDO - PRADOPOLIS,Impositivas,Investimento,200.000,200.000,0,0,,2020
FUNDO - PRADOPOLIS,Impositivas,Custeio,300.000,300.000,0,0,,2020
FUNDO - PRAIA GRANDE,Impositivas,Investimento,100.000,100.000,0,0,,2020
PREFEITURA - PRAIA GRANDE,Subvenção,Custeio,121.656.708,12.533.901,109.122.807,2.534.515,HOSPITAL IRMA DULCE,2020
FUNDO - PRESIDENTE EPITÁCIO,Impositivas,Custeio,100.000,100.000,0,0,,2020
ASSOCIAÇÃO DESENV. DE CRIANÇAS LIMITADAS LUMEN ET FIDES,Continuidade,Custeio,1.071.084,178.514,892.570,89.257,TEA,2020
FUNDAÇÃO HOSPITAL REGIONAL DO CÂNCER DA SANTA CASA DE MISERICÓRDIA DE PRESIDENTE PRUDENTE,Subvenção,Custeio,6.300.000,0,6.300.000,0,COVID19,2020
FUNDO - PRESIDENTE PRUDENTE,Impositivas,Investimento,300.000,300.000,0,0,,2020
FUNDO - PRESIDENTE PRUDENTE,Impositivas,Investimento,330.000,330.000,0,0,,2020
FUNDO - PRESIDENTE PRUDENTE,Impositivas,Custeio,100.000,100.000,0,0,,2020
FUNDO - PRESIDENTE VENCESLAU,Impositivas,Investimento,100.000,100.000,0,0,,2020
FUNDO - PRESIDENTE VENCESLAU,Impositivas,Custeio,150.000,150.000,0,0,,2020
PREFEITURA - PRESIDENTE VENCESLAU,Emendas,Custeio,126.213,126.213,0,126.213,CUSTEIO ENTIDADE,2020
PREFEITURA - PRESIDENTE VENCESLAU,Emendas,Custeio,93.787,93.787,0,93.787,CUSTEIO ENTIDADE,2020
FUNDO - PROMISSÃO,Impositivas,Custeio,100.000,100.000,0,0,,2020
FUNDO - PROMISSÃO,Impositivas,Custeio,100.000,100.000,0,0,,2020
FUNDO - QUADRA,Impositivas,Investimento,130.000,130.000,0,0,,2020
FUNDO - QUADRA,Impositivas,Investimento,150.000,150.000,0,0,,2020
FUNDO - QUEIROZ,Impositivas,Investimento,100.000,100.000,0,0,,2020
FUNDO - RAFARD,Impositivas,Custeio,100.000,100.000,0,0,,2020
FUNDO - RANCHARIA,Impositivas,Custeio,150.000,150.000,0,0,,2020
FUNDO - RANCHARIA,Impositivas,Custeio,100.000,100.000,0,0,,2020
HOSPITAL E MATERNIDADE DE RANCHARIA,Subvenção,Custeio,1.200.000,300.000,900.000,12,LEITOS UTI,2020
PREFEITURA - RANCHARIA,Emendas,Investimento,100.000,0,100.000,100.000,,2020
FUNDO - REGINOPOLIS,Impositivas,Investimento,100.000,100.000,0,0,,2020
FUNDO - REGINOPOLIS,Impositivas,Investimento,120.000,120.000,0,0,,2020
FUNDO - RIBEIRA,Impositivas,Custeio,110.000,110.000,0,0,,2020
FUNDO - RIBEIRA,Impositivas,Custeio,100.000,100.000,0,0,,2020
FUNDO - RIBEIRÃO BRANCO,Impositivas,Custeio,100.000,100.000,0,0,,2020
FUNDO - RIBEIRÃO BRANCO,Impositivas,Investimento,130.000,130.000,0,0,,2020
FUNDO - RIBEIRÃO BRANCO,Impositivas,Investimento,100.000,100.000,0,0,,2020
FUNDO - RIBEIRÃO CORRENTE,Impositivas,Investimento,150.000,150.000,0,0,,2020
FUNDO - RIBEIRÃO DOS ÍNDIOS,Impositivas,Investimento,100.000,100.000,0,0,,2020
FUNDO - RIBEIRÃO PIRES,Impositivas,Custeio,500.000,500.000,0,0,,2020
AMA - ASS.AMIGOS AUTISTA,Emendas,Custeio,150.000,150.000,0,150.000,CUSTEIO ENTIDADE,2020
FUNDO - RIBEIRÃO PRETO,Impositivas,Custeio,100.000,100.000,0,0,,2020
FUNDO - RIBEIRÃO PRETO,Impositivas,Investimento,200.000,200.000,0,0,,2020
HOSPITAL DAS CLINICAS - FAEPA DE RIBEIRAO PRETO,Subvenção,Custeio,360.000,0,360.000,90.000,APOIO TRANSPLANTES,2020
HOSPITAL DAS CLINICAS - FAEPA DE RIBEIRAO PRETO,Subvenção,Custeio,315.000,0,315.000,78.750,APOIO TRANSPLANTES,2020
SECAL,Continuidade,Custeio,822.000,411.000,411.000,68.500,SAUDE MENTAL,2020
FUNDO - RINCÃO,Impositivas,Custeio,100.000,100.000,0,0,,2020
FUNDO - RINCÃO,Impositivas,Custeio,100.000,100.000,0,0,,2020
FUNDO - RINCÃO,Impositivas,Investimento,175.000,175.000,0,0,,2020
FUNDO - RINCÃO,Impositivas,Custeio,100.000,100.000,0,0,,2020
FUNDO - RINCÃO,Impositivas,Custeio,100.000,100.000,0,0,,2020
FUNDO - RIO CLARO,Impositivas,Custeio,150.000,150.000,0,0,,2020
FUNDO - RIO DAS PEDRAS,Impositivas,Custeio,100.000,100.000,0,0,,2020
FUNDO - RIO GRANDE DA SERRA,Emendas,Custeio,100.000,100.000,0,0,,2020
FUNDO - RIO GRANDE DA SERRA,Impositivas,Custeio,150.000,150.000,0,0,,2020
FUNDO - RIVERSUL,Impositivas,Investimento,100.000,100.000,0,0,,2020
FUNDO - ROSANA,Impositivas,Custeio,100.000,100.000,0,0,,2020
FUNDO - ROSANA,Impositivas,Custeio,100.000,100.000,0,0,,2020
FUNDO - RUBINÉIA,Impositivas,Custeio,110.000,110.000,0,0,,2020
FUNDO - SABINO,Impositivas,Investimento,100.000,100.000,0,0,,2020
FUNDO - SABINO,Impositivas,Investimento,100.000,100.000,0,0,,2020
FUNDO - SAGRES,Impositivas,Custeio,100.000,100.000,0,0,,2020
FUNDO - SALES OLIVEIRA,Impositivas,Investimento,150.000,150.000,0,0,,2020
FUNDO - SALES OLIVEIRA,Emendas,Investimento,80.000,80.000,0,0,,2020
FUNDO - SALESÓPOLIS,Emendas,Custeio,750.000,750.000,0,0,,2020
FUNDO - SALTINHO,Impositivas,Custeio,100.000,100.000,0,0,,2020
FUNDO - SALTO,Emendas,Custeio,250.000,250.000,0,0,,2020
FUNDO - SALTO DE PIRAPORA,Impositivas,Investimento,100.000,100.000,0,0,,2020
FUNDO - SALTO DE PIRAPORA,Impositivas,Investimento,100.000,100.000,0,0,,2020
PREFEITURA - SALTO GRANDE,Emendas,Custeio,60.000,0,60.000,60.000,CUSTEIO ENTIDADE,2020
PREFEITURA - SALTO GRANDE,Emendas,Custeio,90.000,0,90.000,90.000,CUSTEIO ENTIDADE,2020
FUNDO - SANTA ADÉLIA,Impositivas,Custeio,100.000,100.000,0,0,,2020
FUNDO - SANTA ADÉLIA,Impositivas,Custeio,100.000,100.000,0,0,,2020
FUNDO - SANTA ADÉLIA,Impositivas,Custeio,100.000,100.000,0,0,,2020
FUNDO - SANTA ADÉLIA,Impositivas,Investimento,130.000,130.000,0,0,,2020
FUNDO - SANTA ADÉLIA,Impositivas,Custeio,100.000,100.000,0,0,,2020
PREFEITURA - SANTA ADÉLIA,Emendas,Investimento,230.000,0,230.000,230.000,,2020
PREFEITURA - SANTA ADÉLIA,Emendas,Investimento,70.000,0,70.000,70.000,,2020
FUNDO - SANTA ALBERTINA,Impositivas,Investimento,100.000,100.000,0,0,,2020
FUNDO - SANTA ALBERTINA,Impositivas,Investimento,100.000,100.000,0,0,,2020
FUNDO - SANTA ALBERTINA,Emendas,Custeio,100.000,100.000,0,0,,2020
FUNDO - SANTA BRANCA,Emendas,Custeio,750.000,750.000,0,0,,2020
FUNDO - SANTA CRUZ DA CONCEIÇÃO,Impositivas,Custeio,100.000,100.000,0,0,,2020
FUNDO - SANTA CRUZ DA ESPERANÇA,Impositivas,Custeio,150.000,150.000,0,0,,2020
FUNDO - SANTA CRUZ DAS PALMEIRAS,Impositivas,Custeio,100.000,100.000,0,0,,2020
FUNDO - SANTA CRUZ RIO PARDO,Impositivas,Custeio,200.000,200.000,0,0,,2020
PREFEITURA - SANTA CRUZ RIO PARDO,Emendas,Custeio,100.000,0,100.000,100.000,CUSTEIO SANTA CASA,2020
PREFEITURA - SANTA CRUZ RIO PARDO,Emendas,Investimento,200.000,0,200.000,200.000,EQUIPAMENTO,2020
PREFEITURA - SANTA CRUZ RIO PARDO,Pro Sta Casa,Custeio,362.880,45.360,317.520,7.560,CUSTEIO SANTA CASA,2020
FUNDO - SANTA FÉ DO SUL,Emendas,Custeio,100.000,100.000,0,0,,2020
PREFEITURA - SANTA FÉ DO SUL,Emendas,Investimento,200.000,0,200.000,200.000,,2020
FUNDO - SANTA GERTRUDES,Impositivas,Custeio,100.000,100.000,0,0,,2020
FUNDO - SANTA GERTRUDES,Impositivas,Custeio,100.000,100.000,0,0,,2020
FUNDO - SANTA ISABEL,Impositivas,Investimento,100.000,100.000,0,0,,2020
FUNDO - SANTA ISABEL,Impositivas,Custeio,150.000,150.000,0,0,,2020
FUNDO - SANTA ISABEL,Emendas,Custeio,1.500.000,1.500.000,0,0,,2020
FUNDO - SANTA ISABEL,Impositivas,Investimento,100.000,100.000,0,0,,2020
FUNDO - SANTA LUCIA,Impositivas,Custeio,180.000,180.000,0,0,,2020
PREFEITURA - SANTA MARIA DA SERRA,Impositivas,Custeio,160.000,0,160.000,0,CUSTEIO SANTA CASA,2020
FUNDO - SANTA RITA DO PASSA QUATRO,Impositivas,Investimento,150.000,150.000,0,0,,2020
FUNDO - SANTA RITA DO PASSA QUATRO,Impositivas,Custeio,375.000,375.000,0,0,,2020
FUNDO - SANTA RITA D`OESTE,Impositivas,Investimento,130.000,130.000,0,0,,2020
FUNDO - SANTA ROSA DO VITERBO,Emendas,Custeio,50.000,50.000,0,0,,2020
PREFEITURA - SANTA ROSA DO VITERBO,Emendas,Investimento,150.000,0,150.000,150.000,,2020
FUNDO - SANTANA DE PARNAIBA,Impositivas,Custeio,200.000,200.000,0,0,,2020
FUNDO - SANTO ANASTÁCIO,Impositivas,Custeio,100.000,100.000,0,0,,2020
FUNDO - SANTO ANASTÁCIO,Impositivas,Investimento,180.000,180.000,0,0,,2020
FUNDAÇÃO ABC,Subvenção,Custeio,6.067.030,2.022.343,4.044.687,0,COVID19,2020
FUNDO - SANTO ANTONIO DA ALEGRIA,Emendas,Custeio,100.000,100.000,0,0,,2020
FUNDO - SANTO ANTONIO DA ALEGRIA,Impositivas,Custeio,130.000,130.000,0,0,,2020
FUNDO - SANTO ANTONIO DA ALEGRIA,Impositivas,Investimento,100.000,100.000,0,0,,2020
PREFEITURA - SANTO ANTONIO DA ALEGRIA,Emendas,Investimento,100.000,0,100.000,100.000,EQUIPAMENTO,2020
FUNDO - SANTO ANTÔNIO DA POSSE,Impositivas,Investimento,100.000,100.000,0,0,,2020
FUNDO - SANTO ANTÔNIO DA POSSE,Impositivas,Custeio,100.000,100.000,0,0,,2020
FUNDO - SANTO ANTÔNIO DA POSSE,Impositivas,Investimento,200.000,200.000,0,0,,2020
FUNDO - SANTO ANTÔNIO DA POSSE,Impositivas,Investimento,100.000,100.000,0,0,,2020
FUNDO - SANTO ANTONIO DO JARDIM,Impositivas,Custeio,100.000,100.000,0,0,,2020
FUNDO - SANTOPOLIS DO AGUAPEI,Impositivas,Investimento,100.000,100.000,0,0,,2020
FUNDO - SANTOS,Impositivas,Investimento,150.000,150.000,0,0,,2020
FUNDO - SANTOS,Impositivas,Custeio,200.000,200.000,0,0,,2020
FUNDO - SÃO BERNARDO DO CAMPO,Impositivas,Custeio,330.000,330.000,0,0,,2020
FUNDO - SÃO BERNARDO DO CAMPO,Emendas,Custeio,100.000,100.000,0,0,,2020
FUNDO - SÃO BERNARDO DO CAMPO,Impositivas,Investimento,100.000,100.000,0,0,,2020
FUNDO - SÃO BERNARDO DO CAMPO,Impositivas,Custeio,100.000,100.000,0,0,,2020
PREFEITURA - SÃO BERNARDO DO CAMPO,Subvenção,Investimento,10.000.000,10.000.000,0,10.000.000,EQUIPAMENTO,2020
SANTA CASA - SÃO BERNARDO DO CAMPO,Emendas,Custeio,250.000,250.000,0,250.000,CUSTEIO SANTA CASA,2020
SANTA CASA - SÃO BERNARDO DO CAMPO,Impositivas,Custeio,700.000,0,700.000,0,REFORMA GERAL,2020
CELAFISCS,Subvenção,Custeio,480.000,480.000,0,480.000,AGITA SP,2020
FUNDO - SÃO CAETANO DO SUL,Impositivas,Investimento,140.000,140.000,0,0,,2020
FUNDO - SÃO CARLOS,Impositivas,Custeio,100.000,100.000,0,0,,2020
FUNDO - SÃO CARLOS,Impositivas,Custeio,200.000,200.000,0,0,,2020
FUNDO - SÃO CARLOS,Emendas,Custeio,450.000,450.000,0,0,,2020
FUNDO - SÃO CARLOS,Impositivas,Custeio,473.000,473.000,0,0,,2020
FUNDO - SÃO CARLOS,Impositivas,Investimento,300.000,300.000,0,0,,2020
FUNDO - SÃO FRANCISCO,Impositivas,Investimento,100.000,100.000,0,0,,2020
FUNDO - SÃO JOÃO DUAS PONTES,Impositivas,Investimento,130.000,130.000,0,0,,2020
FUNDO - SÃO JOÃO DUAS PONTES,Impositivas,Investimento,100.000,100.000,0,0,,2020
FUNDO - SÃO JOAQUIM DA BARRA,Impositivas,Investimento,150.000,150.000,0,0,,2020
FUNDO - SÃO JOAQUIM DA BARRA,Impositivas,Investimento,100.000,100.000,0,0,,2020
FUNDO - SÃO JOSÉ DA BELA VISTA,Impositivas,Custeio,150.000,150.000,0,0,,2020
FUNDO - SÃO JOSÉ DO RIO PARDO,Impositivas,Custeio,100.000,100.000,0,0,,2020
FUNDO - SÃO JOSÉ DO RIO PRETO,Impositivas,Custeio,200.000,200.000,0,0,,2020
FUNDO - SÃO JOSÉ DO RIO PRETO,Impositivas,Investimento,150.000,150.000,0,0,,2020
FUNDO - SÃO JOSÉ DO RIO PRETO,Impositivas,Custeio,300.000,300.000,0,0,,2020
HOSPITAL DE BASE DE SAO JOSE DO RIO PRETO - FUNFARME,Subvenção,Custeio,29.106.000,9.702.000,19.404.000,0,COVID19,2020
HOSPITAL DE BASE DE SAO JOSE DO RIO PRETO - FUNFARME,Continuidade,Custeio,360.000,0,360.000,0,APOIO TRANSPLANTES,2020
HOSPITAL DE BASE DE SAO JOSE DO RIO PRETO - FUNFARME,Emendas,Custeio,150.000,150.000,0,150.000,CUSTEIO ENTIDADE,2020
PREFEITURA - SÃO JOSÉ DO RIO PRETO,Subvenção,Investimento,5.000.000,0,5.000.000,5.000.000,CONSTRUÇAO UBS,2020
FUNDO - SÃO JOSÉ DOS CAMPOS,Impositivas,Custeio,500.000,500.000,0,0,,2020
FUNDO - SÃO JOSÉ DOS CAMPOS,Impositivas,Investimento,300.000,300.000,0,0,,2020
FUNDO - SÃO JOSÉ DOS CAMPOS,Impositivas,Investimento,500.000,500.000,0,0,,2020
FUNDO - SÃO JOSÉ DOS CAMPOS,Impositivas,Custeio,100.000,100.000,0,0,,2020
FUNDO - SÃO LOURENÇO DA SERRA,Impositivas,Custeio,180.000,180.000,0,0,,2020
FUNDO - SÃO LOURENÇO DA SERRA,Impositivas,Investimento,150.000,150.000,0,0,,2020
FUNDO - SÃO LUIZ DO PARAITINGA,Emendas,Investimento,150.000,150.000,0,0,,2020
HOSPITAL SAO VICENTE DE PAULA,Impositivas,Investimento,400.000,0,400.000,400.000,IMPOSITIVA,2020
HOSPITAL SAO VICENTE DE PAULA,Emendas,Investimento,50.000,0,50.000,50.000,EQUIPAMENTO,2020
FUNDO - SÃO MIGUEL ARCANJO,Impositivas,Investimento,200.000,200.000,0,0,,2020
FUNDO - SÃO MIGUEL ARCANJO,Impositivas,Investimento,130.000,130.000,0,0,,2020
AMA - ASS.AMIGOS AUTISTA,Continuidade,Custeio,1.821.600,607.200,1.214.400,151.800,TEA,2020
AMA - ASS.AMIGOS AUTISTA,Continuidade,Custeio,3.933.309,1.311.103,2.622.206,327.776,TEA,2020
APAE - SÃO PAULO,Emendas,Custeio,100.000,0,100.000,100.000,CUSTEIO ENTIDADE,2020
ASSOCIAÇÃO BENEF DE COLETA DE SANGUE (COLSAN) - SAO PAU,Continuidade,Custeio,648.000,324.132,323.868,54.000,TRANSFUSIONAL-REGIONAL SUL,2020
ASSOCIAÇÃO BENEF DE COLETA DE SANGUE (COLSAN) - SAO PAU,Continuidade,Custeio,567.227,283.613,283.614,47.269,TRANSFUSIONAL-HELIOPOLIS,2020
ASSOCIAÇÃO BENEFICENTE ASSISTENCIAL SOC. N. SRA DO PARI,Emendas,Custeio,100.000,0,100.000,100.000,CUSTEIO ENTIDADE,2020
ASSOCIAÇÃO FUNDO DE INCENTIVO A PESQUISA,Continuidade,Custeio,2.977.260,43.804,2.933.456,248.105,CARDIO VARZEA DO CARMO,2020
ASSOCIAÇÃO PTA.DESENV.MEDICINA - SPDM - HOSPITAL SÃO PAULO,Continuidade,Custeio,17.682.828,7.367.845,10.314.983,1.473.569,RUA RECOMEÇO,2020
ASSOCIAÇÃO PTA.DESENV.MEDICINA - SPDM - HOSPITAL SÃO PAULO,Subvenção,Custeio,15.251.558,5.083.853,10.167.705,1.270.963,COVID19,2020
ASSOCIAÇÃO PTA.DESENV.MEDICINA - SPDM - HOSPITAL SÃO PAULO,Subvenção,Custeio,1.980.000,0,1.980.000,660.000,COVID19,2020
ASSOCIAÇÃO PTA.DESENV.MEDICINA - SPDM - HOSPITAL SÃO PAULO,Subvenção,Custeio,1.092.000,0,1.092.000,182.000,COVID19,2020
ASSOCIAÇÃO PTA.DESENV.MEDICINA - SPDM - HOSPITAL SÃO PAULO,Farmacia Alto Custo,Custeio,2.516.597,0,2.516.597,358.679,FARMACIA - HCSP,2020
ASSOCIAÇÃO PTA.DESENV.MEDICINA - SPDM - HOSPITAL SÃO PAULO,Farmacia Alto Custo,Investimento,217.115,0,217.115,581.641,FARMACIA - HCSP,2020
ASSOCIAÇÃO PTA.DESENV.MEDICINA - SPDM - HOSPITAL SÃO PAULO,Continuidade,Custeio,8.400.000,3.500.000,4.900.000,700.000,NGA STA CRUZ,2020
ASSOCIAÇÃO PTA.DESENV.MEDICINA - SPDM - HOSPITAL SÃO PAULO,Continuidade,Custeio,4.716.000,0,4.716.000,393.000,TEA,2020
ASSOCIAÇÃO PTA.DESENV.MEDICINA - SPDM - HOSPITAL SÃO PAULO,Continuidade,Custeio,685.836,342.918,342.918,57.153,OTORRINO-MANDAQUI,2020
ASSOCIAÇÃO PTA.DESENV.MEDICINA - SPDM - HOSPITAL SÃO PAULO,Subvenção,Investimento,1.363.000,0,1.363.000,1.363.000,COVID19,2020
ASSOCIAÇÃO PTA.DESENV.MEDICINA - SPDM - HOSPITAL SÃO PAULO,Subvenção,Custeio,7.468.594,0,7.468.594,1.244.766,COVID19,2020
Autarquia Hospitalar de São Paulo,Subvenção,Custeio,31.521.000,0,31.521.000,31.521.000,CUSTEIO HOSPITAL,2020
Autarquia Hospitalar de São Paulo,Emendas,Custeio,100.000,0,100.000,100.000,,2020
CASA DE SAUDE SANTA MARCELINA,Subvenção,Custeio,30.579.624,10.193.208,20.386.416,0,COVID19,2020
CASA DE SAUDE SANTA MARCELINA,Subvenção,Investimento,5.994.680,0,5.994.680,5.994.680,COVID19,2020
CASA DE SAUDE SANTA MARCELINA,Subvenção,Custeio,4.622.428,0,4.622.428,0,COVID19,2020
CASA DE SAUDE SANTA MARCELINA,Subvenção,Custeio,14.830.245,0,14.830.245,4.943.415,COVID19,2020
CASA DE SAUDE SANTA MARCELINA,Emendas,Custeio,100.000,0,100.000,100.000,,2020
"CEJAM - CENTRO DE ESTUDOS E PESQUISAS ""DR. JOÃO AMORIM""",Subvenção,Custeio,12.648.226,3.162.056,9.486.170,1.222.760,COVID19,2020
"CEJAM - CENTRO DE ESTUDOS E PESQUISAS ""DR. JOÃO AMORIM""",Subvenção,Custeio,4.940.705,1.646.902,3.293.803,823.451,COVID19,2020
"CEJAM - CENTRO DE ESTUDOS E PESQUISAS ""DR. JOÃO AMORIM""",Subvenção,Custeio,2.556.068,426.011,2.130.057,426.011,COVID19,2020
"CEJAM - CENTRO DE ESTUDOS E PESQUISAS ""DR. JOÃO AMORIM""",Subvenção,Custeio,3.030.910,505.152,2.525.758,505.152,COVID19,2020
"CEJAM - CENTRO DE ESTUDOS E PESQUISAS ""DR. JOÃO AMORIM""",Continuidade,Custeio,2.303.463,1.535.642,767.821,383.911,UTI-PEDIATRICA,2020
FUNDACAO ADIB JATENE - FAJ,Subvenção,Custeio,9.870.439,1.645.073,8.225.366,839.577,COVID19,2020
FUNDACAO ADIB JATENE - FAJ,Continuidade,Custeio,3.902.700,1.951.350,1.951.350,325.225,HEMODINAMICA HGA,2020
FUNDACAO BUTANTAN,Subvenção,Custeio,114.000.000,0,114.000.000,0,COVID19,2020
FUNDACAO BUTANTAN,Subvenção,Custeio,85.000.000,85.000.000,0,85.000.000,COVID19,2020
FUNDAÇÃO FACULDADE DE MEDICINA FFM - HCFMUSP,Subvenção,Investimento,7.214.700,7.214.700,0,7.214.700,COVID19,2020
FUNDAÇÃO FACULDADE DE MEDICINA FFM - HCFMUSP,Subvenção,Investimento,257.827,0,257.827,257.827,COVID19,2020
FUNDAÇÃO FACULDADE DE MEDICINA FFM - HCFMUSP,Continuidade,Custeio,4.380.852,1.228.407,3.152.445,365.071,AMBULATÓRIO VARZEA DO CARMO,2020
FUNDAÇÃO FACULDADE DE MEDICINA FFM - HCFMUSP,Subvenção,Custeio,2.128.686,0,2.128.686,236.521,COVID19,2020
FUNDAÇÃO FACULDADE DE MEDICINA FFM - HCFMUSP,Continuidade,Custeio,3.783.240,1.954.674,1.828.566,378.324,EMILIO RIBAS,2020
FUNDAÇÃO FACULDADE DE MEDICINA FFM - HCFMUSP,Subvenção,Custeio,17.087.764,8.543.882,8.543.882,2.847.961,COVID19,2020
FUNDAÇÃO FACULDADE DE MEDICINA FFM - HCFMUSP,Subvenção,Custeio,185.441.383,0,185.441.383,37.291.659,COVID19,2020
FUNDAÇÃO FACULDADE DE MEDICINA FFM - HCFMUSP,Subvenção,Investimento,10.661.604,0,10.661.604,5.330.802,COVID19,2020
FUNDAÇÃO OSWALDO RAMOS,Continuidade,Custeio,1.888.632,944.316,944.316,157.386,DIALISE,2020
FUNDO - SÃO PAULO,Impositivas,Custeio,100.000,100.000,0,0,,2020
FUNDO - SÃO PAULO,Impositivas,Investimento,100.000,100.000,0,0,,2020
FUNDO - SÃO PAULO,Impositivas,Custeio,140.000,140.000,0,0,,2020
FUNDO - SÃO PAULO,Impositivas,Custeio,180.000,180.000,0,0,,2020
FUNDO - SÃO PAULO,Impositivas,Custeio,100.000,100.000,0,0,,2020
FUNDO - SÃO PAULO,Impositivas,Custeio,100.000,100.000,0,0,,2020
FUNDO - SÃO PAULO,Impositivas,Investimento,100.000,100.000,0,0,,2020
FUNDO - SÃO PAULO,Impositivas,Custeio,320.000,320.000,0,0,,2020
FUNDO - SÃO PAULO,Impositivas,Investimento,142.500,142.500,0,0,,2020
FUNDO - SÃO PAULO,Impositivas,Investimento,150.000,150.000,0,0,,2020
FUNDO - SÃO PAULO,Impositivas,Investimento,100.000,100.000,0,0,,2020
FUNDO - SÃO PAULO,Impositivas,Custeio,100.000,100.000,0,0,,2020
FUNDO - SÃO PAULO,Impositivas,Custeio,100.000,100.000,0,0,,2020
FUNDO - SÃO PAULO,Impositivas,Custeio,172.500,172.500,0,0,,2020
FUNDO - SÃO PAULO,Impositivas,Custeio,100.000,100.000,0,0,,2020
FUNDO - SÃO PAULO,Impositivas,Investimento,161.250,161.250,0,0,,2020
FUNDO - SÃO PAULO,Impositivas,Custeio,161.250,161.250,0,0,,2020
FUNDO - SÃO PAULO,Impositivas,Custeio,100.000,100.000,0,0,,2020
FUNDO - SÃO PAULO,Impositivas,Custeio,100.000,100.000,0,0,,2020
FUNDO - SÃO PAULO,Impositivas,Investimento,150.000,150.000,0,0,,2020
FUNDO - SÃO PAULO,Impositivas,Investimento,100.000,100.000,0,0,,2020
FUNDO - SÃO PAULO,Impositivas,Custeio,100.000,100.000,0,0,,2020
FUNDO - SÃO PAULO,Impositivas,Custeio,100.000,100.000,0,0,,2020
FUNDO - SÃO PAULO,Impositivas,Custeio,100.000,100.000,0,0,,2020
GRUPO DE APOIO AO ADOLESCENTE E A CRIANÇA COM CÂNCER - GRAACC,Emendas,Custeio,50.000,50.000,0,50.000,CUSTEIO ENTIDADE,2020
IBCC,Emendas,Custeio,100.000,0,100.000,100.000,CUSTEIO ENTIDADE,2020
INSTITUTO DO CANCER ARNALDO VIEIRA DE CARVALHO - ICAVC,Continuidade,Custeio,5.808.000,2.420.000,3.388.000,484.000,RADIOTERAPIA-HELIOPOLIS,2020
INSTITUTO DO CANCER ARNALDO VIEIRA DE CARVALHO - ICAVC,Continuidade,Custeio,3.360.000,1.680.000,1.680.000,280.000,RADIOTERAPIA-HGA,2020
INSTITUTO DO CANCER ARNALDO VIEIRA DE CARVALHO - ICAVC,Continuidade,Custeio,15.593.196,7.796.598,7.796.598,1.299.433,UTI-SAO JOSE,2020
INSTITUTO DO CORACAO INCOR - FMUSP - FUNDAÇÃO ZERBINI,Subvenção,Custeio,7.542.900,3.771.450,3.771.450,1.257.150,COVID19,2020
INSTITUTO DO CORACAO INCOR - FMUSP - FUNDAÇÃO ZERBINI,Subvenção,Custeio,1.959.110,979.555,979.555,326.518,COVID19,2020
INSTITUTO DO CORACAO INCOR - FMUSP - FUNDAÇÃO ZERBINI,Subvenção,Custeio,30.009.883,0,30.009.883,0,COVID19,2020
INSTITUTO DO CORACAO INCOR - FMUSP - FUNDAÇÃO ZERBINI,Continuidade,Custeio,7.580.460,0,7.580.460,631.705,PNEUMO-INCOR,2020
INSTITUTO DO CORACAO INCOR - FMUSP - FUNDAÇÃO ZERBINI,Continuidade,Custeio,651.420,271.425,379.995,54.285,TELE-ECG,2020
INSTITUTO DO CORACAO INCOR - FMUSP - FUNDAÇÃO ZERBINI,Subvenção,Custeio,18.375.649,0,18.375.649,4.593.912,COVID19,2020
INSTITUTO DO CORACAO INCOR - FMUSP - FUNDAÇÃO ZERBINI,Subvenção,Investimento,135.000,135.000,0,135.000,COVID19,2020
INSTITUTO DO CORACAO INCOR - FMUSP - FUNDAÇÃO ZERBINI,Subvenção,Custeio,30.284,0,30.284,30.284,POLISSONOGRAFIA-INCOR,2020
INSTITUTO PAULISTA DE OFTALMOLOGIA - IPEPO,Continuidade,Custeio,3.600.897,1.135.569,2.465.328,300.075,CUSTEIO OFTALMOLOGIA,2020
INSTITUTO SUEL ABUJAMRA,Emendas,Custeio,50.000,50.000,0,50.000,EQUIPAMENTO,2020
SANTA CASA - SAO PAULO,Subvenção,Custeio,6.854.753,0,6.854.753,6.854.753,COVID19,2020
SANTA CASA - SAO PAULO,Emendas,Custeio,100.000,0,100.000,100.000,,2020
SANTA CASA - SAO PAULO,Subvenção,Investimento,7.914.537,0,7.914.537,7.914.537,COVID19,2020
FUNDO - SÃO PEDRO,Impositivas,Custeio,100.000,100.000,0,0,,2020
FUNDO - SÃO PEDRO,Impositivas,Custeio,150.000,150.000,0,0,,2020
PREFEITURA - SÃO PEDRO,Emendas,Custeio,150.000,0,150.000,150.000,,2020
FUNDO - SÃO PEDRO DO TURVO,Impositivas,Investimento,100.000,100.000,0,0,,2020
FUNDO - SÃO PEDRO DO TURVO,Impositivas,Custeio,100.000,100.000,0,0,,2020
FUNDO - SÃO ROQUE,Impositivas,Custeio,100.000,100.000,0,0,,2020
FUNDO - SÃO ROQUE,Impositivas,Investimento,130.000,130.000,0,0,,2020
FUNDO - SÃO ROQUE,Emendas,Custeio,100.000,100.000,0,0,,2020
FUNDO - SÃO ROQUE,Impositivas,Investimento,100.000,100.000,0,0,,2020
FUNDO - SÃO SEBASTIÃO,Impositivas,Investimento,100.000,100.000,0,0,,2020
FUNDO - SÃO SEBASTIÃO DA GRAMA,Impositivas,Investimento,100.000,100.000,0,0,,2020
FUNDO - SÃO SEBASTIÃO DA GRAMA,Impositivas,Custeio,100.000,100.000,0,0,,2020
FUNDO - SÃO SIMÃO,Impositivas,Investimento,150.000,150.000,0,0,,2020
FUNDO - SÃO SIMÃO,Impositivas,Custeio,100.000,100.000,0,0,,2020
APAE - SÃO VICENTE,Continuidade,Custeio,1.015.140,169.190,845.950,93.055,TEA,2020
FUNDO - SÃO VICENTE,Impositivas,Investimento,150.000,150.000,0,0,,2020
FUNDO - SÃO VICENTE,Impositivas,Custeio,100.000,100.000,0,0,,2020
FUNDO - SÃO VICENTE,Impositivas,Investimento,100.000,100.000,0,0,,2020
FUNDO - SÃO VICENTE,Impositivas,Investimento,150.000,150.000,0,0,,2020
PREFEITURA - SÃO VICENTE,Continuidade,Custeio,23.161.440,2.412.650,20.748.790,482.530,LEITOS MATERNIDADE,2020
FUNDO - SARAPUÍ,Impositivas,Custeio,100.000,100.000,0,0,,2020
FUNDO - SARUTAIA,Impositivas,Custeio,200.000,200.000,0,0,,2020
FUNDO - SERRA AZUL,Impositivas,Custeio,100.000,100.000,0,0,,2020
FUNDO - SERRA AZUL,Impositivas,Investimento,180.000,180.000,0,0,,2020
PREFEITURA - SERRA AZUL,Emendas,Investimento,100.000,0,100.000,100.000,,2020
FUNDO - SERRA NEGRA,Impositivas,Custeio,200.000,200.000,0,0,,2020
FUNDO - SERRANA,Impositivas,Investimento,240.000,240.000,0,0,,2020
FUNDO - SERRANA,Impositivas,Custeio,100.000,100.000,0,0,,2020
FUNDO - SERTÃOZINHO,Impositivas,Investimento,150.000,150.000,0,0,,2020
FUNDO - SERTÃOZINHO,Impositivas,Investimento,240.000,240.000,0,0,,2020
FUNDO - SILVEIRAS,Impositivas,Custeio,100.000,100.000,0,0,,2020
FUNDO - SOCORRO,Impositivas,Custeio,100.000,100.000,0,0,,2020
FUNDO - SOROCABA,Emendas,Custeio,560.000,560.000,0,0,,2020
FUNDO - SOROCABA,Impositivas,Investimento,100.000,100.000,0,0,,2020
FUNDO - SOROCABA,Impositivas,Investimento,300.000,300.000,0,0,,2020
HOSPITAL SANTA LUCINDA,Emendas,Investimento,100.000,0,100.000,100.000,EQUIPAMENTO,2020
FUNDO - SANTO ANTONIO DO ARACANGUA,Impositivas,Investimento,170.000,170.000,0,0,,2020
PREFEITURA - SANTO ANTONIO DO ARACANGUA,Emendas,Custeio,150.000,0,150.000,150.000,,2020
APAE - SUMARÉ,Emendas,Custeio,100.000,100.000,0,100.000,CUSTEIO ENTIDADE,2020
ASSOCIAÇÃO PESTALOZZI,Emendas,Custeio,100.000,100.000,0,100.000,CUSTEIO ENTIDADE,2020
FUNDO - SUMARÉ,Impositivas,Custeio,200.000,200.000,0,0,,2020
FUNDO - SUMARÉ,Emendas,Custeio,1.350.000,1.350.000,0,0,,2020
FUNDO - SUMARÉ,Impositivas,Custeio,100.000,100.000,0,0,,2020
FUNDO - SUZANO,Impositivas,Investimento,100.000,100.000,0,0,,2020
FUNDO - SUZANO,Impositivas,Investimento,100.000,100.000,0,0,,2020
PREFEITURA - SUZANO,Sustentáveis,Custeio,5.652.720,588.825,5.063.895,120.325,SUSTENTAVEIS - ESTRATEGICOS,2020
FUNDO - SUZANÓPOLIS,Impositivas,Investimento,150.000,150.000,0,0,,2020
FUNDO - TABATINGA,Impositivas,Custeio,160.000,160.000,0,0,,2020
FUNDO - TABATINGA,Impositivas,Custeio,100.000,100.000,0,0,,2020
FUNDO - TABOÃO DA SERRA,Emendas,Custeio,900.000,900.000,0,0,,2020
FUNDO - TACIBA,Impositivas,Investimento,100.000,100.000,0,0,,2020
FUNDO - TACIBA,Impositivas,Custeio,100.000,100.000,0,0,,2020
FUNDO - TACIBA,Impositivas,Investimento,100.000,100.000,0,0,,2020
FUNDO - TACIBA,Impositivas,Custeio,100.000,100.000,0,0,,2020
FUNDO - TAGUAI,Impositivas,Custeio,100.000,100.000,0,0,,2020
FUNDO - TAGUAI,Impositivas,Custeio,150.000,150.000,0,0,,2020
FUNDO - TAIAÇU,Impositivas,Custeio,100.000,100.000,0,0,,2020
FUNDO - TAIAÇU,Impositivas,Investimento,120.000,120.000,0,0,,2020
FUNDO - TAIAÇU,Impositivas,Custeio,100.000,100.000,0,0,,2020
FUNDO - TAIÚVA,Impositivas,Investimento,120.000,120.000,0,0,,2020
FUNDO - TAMBAU,Impositivas,Custeio,100.000,100.000,0,0,,2020
FUNDO - TAMBAU,Impositivas,Custeio,200.000,200.000,0,0,,2020
FUNDO - TAMBAU,Impositivas,Investimento,200.000,200.000,0,0,,2020
FUNDO - TANABI,Impositivas,Investimento,200.000,200.000,0,0,,2020
SANTA CASA - TANABI,Emendas,Custeio,50.000,0,50.000,50.000,CUSTEIO SANTA CASA,2020
FUNDO - TAPIRAÍ,Impositivas,Investimento,130.000,130.000,0,0,,2020
FUNDO - TAPIRATIBA,Impositivas,Custeio,100.000,100.000,0,0,,2020
FUNDO - TAQUARAL,Impositivas,Custeio,120.000,120.000,0,0,,2020
FUNDO - TAQUARITINGA,Impositivas,Investimento,100.000,100.000,0,0,,2020
FUNDO - TARABAI,Impositivas,Investimento,100.000,100.000,0,0,,2020
FUNDO - TARABAI,Impositivas,Investimento,150.000,150.000,0,0,,2020
FUNDO - TARUMÃ,Impositivas,Custeio,100.000,100.000,0,0,,2020
FUNDO - TARUMÃ,Impositivas,Custeio,100.000,100.000,0,0,,2020
FUNDO - TARUMÃ,Impositivas,Investimento,130.000,130.000,0,0,,2020
FUNDO - TATUÍ,Impositivas,Investimento,100.000,100.000,0,0,,2020
FUNDO - TATUÍ,Impositivas,Custeio,200.000,200.000,0,0,,2020
FUNDO - TAUBATÉ,Impositivas,Investimento,200.000,200.000,0,0,,2020
FUNDO - TEODORO SAMPAIO,Impositivas,Custeio,100.000,100.000,0,0,,2020
FUNDO - TERRA ROXA,Impositivas,Investimento,150.000,150.000,0,0,,2020
FUNDO - TIETÊ,Impositivas,Investimento,100.000,100.000,0,0,,2020
FUNDO - TIETÊ,Impositivas,Investimento,100.000,100.000,0,0,,2020
FUNDO - TIETÊ,Impositivas,Investimento,100.000,100.000,0,0,,2020
FUNDO - TIETÊ,Impositivas,Investimento,100.000,100.000,0,0,,2020
FUNDO - TORRE DE PEDRA,Impositivas,Custeio,100.000,100.000,0,0,,2020
FUNDO - TORRE DE PEDRA,Impositivas,Custeio,150.000,150.000,0,0,,2020
FUNDO - TORRE DE PEDRA,Impositivas,Custeio,100.000,100.000,0,0,,2020
FUNDO - TORRINHA,Impositivas,Investimento,100.000,100.000,0,0,,2020
FUNDO - TORRINHA,Impositivas,Custeio,100.000,100.000,0,0,,2020
FUNDO - TORRINHA,Emendas,Custeio,100.000,100.000,0,0,,2020
FUNDO - TRABIJU,Impositivas,Custeio,160.000,160.000,0,0,,2020
FUNDO - TREMEMBÉ,Impositivas,Custeio,300.000,300.000,0,0,,2020
FUNDO - TRÊS FRONTEIRAS,Impositivas,Custeio,100.000,100.000,0,0,,2020
FUNDO - TRÊS FRONTEIRAS,Impositivas,Custeio,100.000,100.000,0,0,,2020
FUNDO - TUPÃ,Impositivas,Custeio,150.000,150.000,0,0,,2020
FUNDO - TUPÃ,Impositivas,Custeio,150.000,150.000,0,0,,2020
FUNDO - TUPÃ,Impositivas,Custeio,350.000,350.000,0,0,,2020
FUNDO - TUPÃ,Impositivas,Custeio,200.000,200.000,0,0,,2020
FUNDO - TUPÃ,Impositivas,Investimento,150.000,150.000,0,0,,2020
FUNDO - TUPÃ,Impositivas,Investimento,200.000,200.000,0,0,,2020
FUNDO - TUPÃ,Impositivas,Custeio,180.000,180.000,0,0,,2020
FUNDO - TUPI PAULISTA,Impositivas,Custeio,50.000,50.000,0,0,,2020
FUNDO - TUPI PAULISTA,Impositivas,Custeio,100.000,100.000,0,0,,2020
FUNDO - UBATUBA,Impositivas,Investimento,100.000,100.000,0,0,,2020
FUNDO - UBATUBA,Impositivas,Custeio,100.000,100.000,0,0,,2020
FUNDO - UBATUBA,Impositivas,Custeio,100.000,100.000,0,0,,2020
FUNDO - UBATUBA,Impositivas,Custeio,210.000,210.000,0,0,,2020
FUNDO - UBIRAJARA,Impositivas,Custeio,100.000,100.000,0,0,,2020
PREFEITURA - UBIRAJARA,Emendas,Investimento,100.000,0,100.000,100.000,,2020
FUNDO - UCHOA,Emendas,Custeio,180.000,180.000,0,0,,2020
PREFEITURA - UNIÃO PAULISTA,Emendas,Investimento,120.000,0,120.000,120.000,,2020
FUNDO - URÂNIA,Emendas,Custeio,100.000,100.000,0,0,,2020
FUNDO - URÂNIA,Impositivas,Investimento,300.000,300.000,0,0,,2020
PREFEITURA - URU,Emendas,Custeio,50.000,0,50.000,50.000,,2020
FUNDO - URUPÊS,Impositivas,Custeio,100.000,100.000,0,0,,2020
FUNDO - URUPÊS,Emendas,Custeio,180.000,180.000,0,0,,2020
FUNDO - VALENTIM GENTIL,Impositivas,Investimento,150.000,150.000,0,0,,2020
FUNDO - VALINHOS,Impositivas,Custeio,180.000,180.000,0,0,,2020
FUNDO - VALINHOS,Impositivas,Investimento,100.000,100.000,0,0,,2020
FUNDO - VALINHOS,Impositivas,Custeio,250.000,250.000,0,0,,2020
FUNDO - VALPARAISO,Impositivas,Custeio,200.000,200.000,0,0,,2020
FUNDO - VALPARAISO,Impositivas,Custeio,200.000,200.000,0,0,,2020
FUNDO - VARGEM,Emendas,Investimento,50.000,50.000,0,0,,2020
PREFEITURA - VARGEM,Emendas,Custeio,200.000,0,200.000,200.000,,2020
FUNDO - VARGEM GRANDE DO SUL,Impositivas,Custeio,200.000,200.000,0,0,,2020
PREFEITURA - VARGEM GRANDE DO SUL,Emendas,Custeio,150.000,0,150.000,150.000,,2020
FUNDO - VARGEM GRANDE PAULISTA,Impositivas,Investimento,100.000,100.000,0,0,,2020
FUNDO - VARZEA PAULISTA,Impositivas,Custeio,100.000,100.000,0,0,,2020
FUNDO - VERA CRUZ,Emendas,Custeio,100.000,100.000,0,0,,2020
FUNDO - VERA CRUZ,Emendas,Investimento,100.000,100.000,0,0,,2020
FUNDO - VERA CRUZ,Impositivas,Investimento,150.000,150.000,0,0,,2020
FUNDO - VINHEDO,Impositivas,Investimento,100.000,100.000,0,0,,2020
FUNDO - VINHEDO,Impositivas,Investimento,235.000,235.000,0,0,,2020
FUNDO - VIRADOURO,Impositivas,Custeio,100.000,100.000,0,0,,2020
FUNDO - VIRADOURO,Impositivas,Custeio,200.000,200.000,0,0,,2020
FUNDO - VOTORANTIM,Impositivas,Investimento,100.000,100.000,0,0,,2020
FUNDO - VOTORANTIM,Impositivas,Custeio,100.000,100.000,0,0,,2020
PREFEITURA - VOTORANTIM,Pro Sta Casa,Custeio,1.179.360,122.850,1.056.510,24.570,CUSTEIO SANTA CASA,2020
FUNDO - VOTUPORANGA,Impositivas,Custeio,100.000,100.000,0,0,,2020
SANTA CASA - VOTUPORANGA,Emendas,Custeio,500.000,500.000,0,500.000,CUSTEIO SANTA CASA,2020
FUNDO - ZACARIAS,Impositivas,Investimento,150.000,150.000,0,0,,2020
,,,1.507.059.777,422.298.427,1.084.761.351,302.933.429,,2020
